concept_id,canonical_en,canonical_np,preferred_register,devanagari_aliases,romanized_aliases,latin_aliases,code_mixed_patterns,concept_type,generic_of,icd11_code,icd10_code,negation_sensitive,duration_days,frequency_per_day,negation_scope,source,sources,verify_against,review_status,license
"NCL-0001","Fever","ज्वरो","colloquial","[""ज्वरो"",""जोरो"",""ताप""]","[""jworo"",""joro"",""fever"",""taap""]","[]","[""fever cha"",""ज्वरो cha""]","symptom","","","","true","","","","authored for ArogyaKhata v0.1; not extracted from a published register","[{""type"":""authored"",""ref"":""ArogyaKhata v0.1 seed list, unreviewed""}]","clinician review — Nepali clinical usage","unreviewed","CC-BY-4.0"
"NCL-0002","Cough","खोकी","colloquial","[""खोकी"",""खोकि""]","[""khoki"",""cough""]","[]","[""khoki cha"",""cough aayo""]","symptom","","","","true","","","","authored for ArogyaKhata v0.1; not extracted from a published register","[{""type"":""authored"",""ref"":""ArogyaKhata v0.1 seed list, unreviewed""}]","clinician review — Nepali clinical usage","unreviewed","CC-BY-4.0"
"NCL-0003","Cold","रुघा","colloquial","[""रुघा"",""रुघाखोकी""]","[""rugha"",""cold""]","[]","[""rugha khoki""]","symptom","","","","true","","","","authored for ArogyaKhata v0.1; not extracted from a published register","[{""type"":""authored"",""ref"":""ArogyaKhata v0.1 seed list, unreviewed""}]","clinician review — Nepali clinical usage","unreviewed","CC-BY-4.0"
"NCL-0004","Headache","टाउको दुख्ने","colloquial","[""टाउको दुख्ने"",""टाउको दुखाइ""]","[""tauko dukhne"",""headache""]","[]","[""headache cha""]","symptom","","","","true","","","","authored for ArogyaKhata v0.1; not extracted from a published register","[{""type"":""authored"",""ref"":""ArogyaKhata v0.1 seed list, unreviewed""}]","clinician review — Nepali clinical usage","unreviewed","CC-BY-4.0"
"NCL-0005","Abdominal pain","पेट दुख्ने","colloquial","[""पेट दुख्ने"",""पेट दुखाइ""]","[""pet dukhne"",""stomach pain""]","[]","[""pet pain cha"",""abdomen pain""]","symptom","","","","true","","","","authored for ArogyaKhata v0.1; not extracted from a published register","[{""type"":""authored"",""ref"":""ArogyaKhata v0.1 seed list, unreviewed""}]","clinician review — Nepali clinical usage","unreviewed","CC-BY-4.0"
"NCL-0006","Diarrhea","झाडापखाला","colloquial","[""झाडापखाला"",""पखाला""]","[""jhadapakhala"",""pakhala"",""diarrhea""]","[]","[""pakhala lagyo""]","symptom","","","","true","","","","authored for ArogyaKhata v0.1; not extracted from a published register","[{""type"":""authored"",""ref"":""ArogyaKhata v0.1 seed list, unreviewed""}]","clinician review — Nepali clinical usage","unreviewed","CC-BY-4.0"
"NCL-0007","Vomiting","बान्ता","colloquial","[""बान्ता"",""उल्टी""]","[""banta"",""ulti"",""vomiting""]","[]","[""vomiting cha""]","symptom","","","","true","","","","authored for ArogyaKhata v0.1; not extracted from a published register","[{""type"":""authored"",""ref"":""ArogyaKhata v0.1 seed list, unreviewed""}]","clinician review — Nepali clinical usage","unreviewed","CC-BY-4.0"
"NCL-0008","Nausea","वाकवाकी","colloquial","[""वाकवाकी"",""वाकवाक""]","[""wakawaki"",""nausea""]","[]","[""nausea feel""]","symptom","","","","true","","","","authored for ArogyaKhata v0.1; not extracted from a published register","[{""type"":""authored"",""ref"":""ArogyaKhata v0.1 seed list, unreviewed""}]","clinician review — Nepali clinical usage","unreviewed","CC-BY-4.0"
"NCL-0009","Dizziness","रिंगटा लाग्ने","colloquial","[""रिंगटा लाग्ने"",""चक्कर""]","[""ringata lagne"",""chakkar"",""dizzy""]","[]","[""dizzy cha""]","symptom","","","","true","","","","authored for ArogyaKhata v0.1; not extracted from a published register","[{""type"":""authored"",""ref"":""ArogyaKhata v0.1 seed list, unreviewed""}]","clinician review — Nepali clinical usage","unreviewed","CC-BY-4.0"
"NCL-0010","Weakness","कमजोरी","colloquial","[""कमजोरी"",""निर्बलता""]","[""kamjori"",""weakness""]","[]","[""weakness cha""]","symptom","","","","true","","","","authored for ArogyaKhata v0.1; not extracted from a published register","[{""type"":""authored"",""ref"":""ArogyaKhata v0.1 seed list, unreviewed""}]","clinician review — Nepali clinical usage","unreviewed","CC-BY-4.0"
"NCL-0011","Body ache","जीउ दुख्ने","colloquial","[""जीउ दुख्ने"",""शरीर दुख्ने""]","[""jiu dukhne"",""body ache""]","[]","[""body ache cha""]","symptom","","","","true","","","","authored for ArogyaKhata v0.1; not extracted from a published register","[{""type"":""authored"",""ref"":""ArogyaKhata v0.1 seed list, unreviewed""}]","clinician review — Nepali clinical usage","unreviewed","CC-BY-4.0"
"NCL-0012","Chest pain","छाती दुख्ने","colloquial","[""छाती दुख्ने"",""छाती दुखाइ""]","[""chhati dukhne"",""chest pain""]","[]","[""chest pain cha""]","symptom","","","","true","","","","authored for ArogyaKhata v0.1; not extracted from a published register","[{""type"":""authored"",""ref"":""ArogyaKhata v0.1 seed list, unreviewed""}]","clinician review — Nepali clinical usage","unreviewed","CC-BY-4.0"
"NCL-0013","Shortness of breath","सास फेर्न गाह्रो","colloquial","[""सास फेर्न गाह्रो"",""दम फुल्ने""]","[""saas ferna garo"",""short breath""]","[]","[""breathing garo""]","symptom","","","","true","","","","authored for ArogyaKhata v0.1; not extracted from a published register","[{""type"":""authored"",""ref"":""ArogyaKhata v0.1 seed list, unreviewed""}]","clinician review — Nepali clinical usage","unreviewed","CC-BY-4.0"
"NCL-0014","Palpitation","मुटु ढुकढुक","colloquial","[""मुटु ढुकढुक"",""धड्कन बढ्ने""]","[""mutu dhukdhuk"",""palpitation""]","[]","[""heart dhukdhuk""]","symptom","","","","true","","","","authored for ArogyaKhata v0.1; not extracted from a published register","[{""type"":""authored"",""ref"":""ArogyaKhata v0.1 seed list, unreviewed""}]","clinician review — Nepali clinical usage","unreviewed","CC-BY-4.0"
"NCL-0015","Sore throat","घाँटी दुख्ने","colloquial","[""घाँटी दुख्ने"",""घाँटी पोल्ने""]","[""ghati dukhne"",""sore throat""]","[]","[""throat pain""]","symptom","","","","true","","","","authored for ArogyaKhata v0.1; not extracted from a published register","[{""type"":""authored"",""ref"":""ArogyaKhata v0.1 seed list, unreviewed""}]","clinician review — Nepali clinical usage","unreviewed","CC-BY-4.0"
"NCL-0016","Runny nose","नाक बग्ने","colloquial","[""नाक बग्ने"",""सिँगान बग्ने""]","[""naak bagne"",""runny nose""]","[]","[""nose running""]","symptom","","","","true","","","","authored for ArogyaKhata v0.1; not extracted from a published register","[{""type"":""authored"",""ref"":""ArogyaKhata v0.1 seed list, unreviewed""}]","clinician review — Nepali clinical usage","unreviewed","CC-BY-4.0"
"NCL-0017","Skin rash","दाना आउने","colloquial","[""दाना आउने"",""छाला रातो""]","[""dana aaune"",""rash""]","[]","[""skin rash""]","symptom","","","","true","","","","authored for ArogyaKhata v0.1; not extracted from a published register","[{""type"":""authored"",""ref"":""ArogyaKhata v0.1 seed list, unreviewed""}]","clinician review — Nepali clinical usage","unreviewed","CC-BY-4.0"
"NCL-0018","Itching","चिलाउने","colloquial","[""चिलाउने"",""खुजली""]","[""chilaune"",""itching""]","[]","[""itching cha""]","symptom","","","","true","","","","authored for ArogyaKhata v0.1; not extracted from a published register","[{""type"":""authored"",""ref"":""ArogyaKhata v0.1 seed list, unreviewed""}]","clinician review — Nepali clinical usage","unreviewed","CC-BY-4.0"
"NCL-0019","Swelling","सुन्निने","colloquial","[""सुन्निने"",""फुल्ने""]","[""sunnine"",""swelling""]","[]","[""swelling cha""]","symptom","","","","true","","","","authored for ArogyaKhata v0.1; not extracted from a published register","[{""type"":""authored"",""ref"":""ArogyaKhata v0.1 seed list, unreviewed""}]","clinician review — Nepali clinical usage","unreviewed","CC-BY-4.0"
"NCL-0020","Burning urination","पिसाब पोल्ने","colloquial","[""पिसाब पोल्ने"",""पिसाब गर्दा पोल्ने""]","[""pisab polne"",""burning urine""]","[]","[""urine burning""]","symptom","","","","true","","","","authored for ArogyaKhata v0.1; not extracted from a published register","[{""type"":""authored"",""ref"":""ArogyaKhata v0.1 seed list, unreviewed""}]","clinician review — Nepali clinical usage","unreviewed","CC-BY-4.0"
"NCL-0021","Frequent urination","धेरै पिसाब लाग्ने","colloquial","[""धेरै पिसाब लाग्ने"",""बारम्बार पिसाब""]","[""dherai pisab"",""frequent urination""]","[]","[""frequent urine""]","symptom","","","","true","","","","authored for ArogyaKhata v0.1; not extracted from a published register","[{""type"":""authored"",""ref"":""ArogyaKhata v0.1 seed list, unreviewed""}]","clinician review — Nepali clinical usage","unreviewed","CC-BY-4.0"
"NCL-0022","Blood in urine","पिसाबमा रगत","colloquial","[""पिसाबमा रगत"",""रगत पिसाब""]","[""pisab ma ragat"",""blood urine""]","[]","[""urine ma blood""]","symptom","","","","true","","","","authored for ArogyaKhata v0.1; not extracted from a published register","[{""type"":""authored"",""ref"":""ArogyaKhata v0.1 seed list, unreviewed""}]","clinician review — Nepali clinical usage","unreviewed","CC-BY-4.0"
"NCL-0023","Loss of appetite","भोक नलाग्ने","colloquial","[""भोक नलाग्ने"",""खान मन नलाग्ने""]","[""bhok nalagne"",""loss appetite""]","[]","[""appetite chaina""]","symptom","","","","true","","","","authored for ArogyaKhata v0.1; not extracted from a published register","[{""type"":""authored"",""ref"":""ArogyaKhata v0.1 seed list, unreviewed""}]","clinician review — Nepali clinical usage","unreviewed","CC-BY-4.0"
"NCL-0024","Weight loss","तौल घट्ने","colloquial","[""तौल घट्ने"",""वजन घट्ने""]","[""taul ghatne"",""weight loss""]","[]","[""weight loss""]","symptom","","","","true","","","","authored for ArogyaKhata v0.1; not extracted from a published register","[{""type"":""authored"",""ref"":""ArogyaKhata v0.1 seed list, unreviewed""}]","clinician review — Nepali clinical usage","unreviewed","CC-BY-4.0"
"NCL-0025","High blood sugar symptom","चिनी बढेको","colloquial","[""चिनी बढेको"",""सुगर बढेको""]","[""chini badheko"",""sugar high""]","[]","[""sugar high""]","symptom","","","","true","","","","authored for ArogyaKhata v0.1; not extracted from a published register","[{""type"":""authored"",""ref"":""ArogyaKhata v0.1 seed list, unreviewed""}]","clinician review — Nepali clinical usage","unreviewed","CC-BY-4.0"
"NCL-0026","Sweating","पसिना आउने","colloquial","[""पसिना आउने"",""धेरै पसिना""]","[""pasina aaune"",""sweating""]","[]","[""sweating dherai""]","symptom","","","","true","","","","authored for ArogyaKhata v0.1; not extracted from a published register","[{""type"":""authored"",""ref"":""ArogyaKhata v0.1 seed list, unreviewed""}]","clinician review — Nepali clinical usage","unreviewed","CC-BY-4.0"
"NCL-0027","Chills","कम्पन","colloquial","[""कम्पन"",""काँप्ने""]","[""kampan"",""chills""]","[]","[""chills cha""]","symptom","","","","true","","","","authored for ArogyaKhata v0.1; not extracted from a published register","[{""type"":""authored"",""ref"":""ArogyaKhata v0.1 seed list, unreviewed""}]","clinician review — Nepali clinical usage","unreviewed","CC-BY-4.0"
"NCL-0028","Back pain","ढाड दुख्ने","colloquial","[""ढाड दुख्ने"",""कमर दुख्ने""]","[""dhad dukhne"",""back pain""]","[]","[""back pain""]","symptom","","","","true","","","","authored for ArogyaKhata v0.1; not extracted from a published register","[{""type"":""authored"",""ref"":""ArogyaKhata v0.1 seed list, unreviewed""}]","clinician review — Nepali clinical usage","unreviewed","CC-BY-4.0"
"NCL-0029","Joint pain","जोर्नी दुख्ने","colloquial","[""जोर्नी दुख्ने"",""घुँडा दुख्ने""]","[""jorni dukhne"",""joint pain""]","[]","[""joint pain""]","symptom","","","","true","","","","authored for ArogyaKhata v0.1; not extracted from a published register","[{""type"":""authored"",""ref"":""ArogyaKhata v0.1 seed list, unreviewed""}]","clinician review — Nepali clinical usage","unreviewed","CC-BY-4.0"
"NCL-0030","Eye redness","आँखा रातो","colloquial","[""आँखा रातो"",""आँखा पोल्ने""]","[""ankha rato"",""red eye""]","[]","[""red eye""]","symptom","","","","true","","","","authored for ArogyaKhata v0.1; not extracted from a published register","[{""type"":""authored"",""ref"":""ArogyaKhata v0.1 seed list, unreviewed""}]","clinician review — Nepali clinical usage","unreviewed","CC-BY-4.0"
"NCL-0031","Blurred vision","दृष्टि धमिलो","colloquial","[""दृष्टि धमिलो"",""आँखा धमिलो""]","[""drishti dhamilo"",""blur vision""]","[]","[""vision blurry""]","symptom","","","","true","","","","authored for ArogyaKhata v0.1; not extracted from a published register","[{""type"":""authored"",""ref"":""ArogyaKhata v0.1 seed list, unreviewed""}]","clinician review — Nepali clinical usage","unreviewed","CC-BY-4.0"
"NCL-0032","Ear pain","कान दुख्ने","colloquial","[""कान दुख्ने"",""कान दुखाइ""]","[""kaan dukhne"",""ear pain""]","[]","[""ear pain""]","symptom","","","","true","","","","authored for ArogyaKhata v0.1; not extracted from a published register","[{""type"":""authored"",""ref"":""ArogyaKhata v0.1 seed list, unreviewed""}]","clinician review — Nepali clinical usage","unreviewed","CC-BY-4.0"
"NCL-0033","Toothache","दाँत दुख्ने","colloquial","[""दाँत दुख्ने"",""दाँत दुखाइ""]","[""daat dukhne"",""toothache""]","[]","[""tooth pain""]","symptom","","","","true","","","","authored for ArogyaKhata v0.1; not extracted from a published register","[{""type"":""authored"",""ref"":""ArogyaKhata v0.1 seed list, unreviewed""}]","clinician review — Nepali clinical usage","unreviewed","CC-BY-4.0"
"NCL-0034","Mouth ulcer","मुखमा घाउ","colloquial","[""मुखमा घाउ"",""मुख पाक्ने""]","[""mukh ma ghau"",""mouth ulcer""]","[]","[""mouth ulcer""]","symptom","","","","true","","","","authored for ArogyaKhata v0.1; not extracted from a published register","[{""type"":""authored"",""ref"":""ArogyaKhata v0.1 seed list, unreviewed""}]","clinician review — Nepali clinical usage","unreviewed","CC-BY-4.0"
"NCL-0035","Constipation","कब्जियत","colloquial","[""कब्जियत"",""दिसा कडा""]","[""kabjiyat"",""constipation""]","[]","[""constipation cha""]","symptom","","","","true","","","","authored for ArogyaKhata v0.1; not extracted from a published register","[{""type"":""authored"",""ref"":""ArogyaKhata v0.1 seed list, unreviewed""}]","clinician review — Nepali clinical usage","unreviewed","CC-BY-4.0"
"NCL-0036","Bloody stool","दिसामा रगत","colloquial","[""दिसामा रगत"",""रगत दिसा""]","[""disa ma ragat"",""blood stool""]","[]","[""stool ma blood""]","symptom","","","","true","","","","authored for ArogyaKhata v0.1; not extracted from a published register","[{""type"":""authored"",""ref"":""ArogyaKhata v0.1 seed list, unreviewed""}]","clinician review — Nepali clinical usage","unreviewed","CC-BY-4.0"
"NCL-0037","Yellow eyes","आँखा पहेँलो","colloquial","[""आँखा पहेँलो"",""जन्डिस जस्तो""]","[""ankha pahenlo"",""yellow eyes""]","[]","[""yellow eye""]","symptom","","","","true","","","","authored for ArogyaKhata v0.1; not extracted from a published register","[{""type"":""authored"",""ref"":""ArogyaKhata v0.1 seed list, unreviewed""}]","clinician review — Nepali clinical usage","unreviewed","CC-BY-4.0"
"NCL-0038","Seizure","छारे रोगको झट्का","colloquial","[""छारे रोगको झट्का"",""झट्का आउने""]","[""jhatka aaune"",""seizure""]","[]","[""seizure aayo""]","symptom","","","","true","","","","authored for ArogyaKhata v0.1; not extracted from a published register","[{""type"":""authored"",""ref"":""ArogyaKhata v0.1 seed list, unreviewed""}]","clinician review — Nepali clinical usage","unreviewed","CC-BY-4.0"
"NCL-0039","Fainting","बेहोस हुने","colloquial","[""बेहोस हुने"",""होस हराउने""]","[""behos hune"",""fainting""]","[]","[""faint bhayo""]","symptom","","","","true","","","","authored for ArogyaKhata v0.1; not extracted from a published register","[{""type"":""authored"",""ref"":""ArogyaKhata v0.1 seed list, unreviewed""}]","clinician review — Nepali clinical usage","unreviewed","CC-BY-4.0"
"NCL-0040","Anxiety","आत्तिने","colloquial","[""आत्तिने"",""डर लाग्ने""]","[""aattine"",""anxiety""]","[]","[""anxiety cha""]","symptom","","","","true","","","","authored for ArogyaKhata v0.1; not extracted from a published register","[{""type"":""authored"",""ref"":""ArogyaKhata v0.1 seed list, unreviewed""}]","clinician review — Nepali clinical usage","unreviewed","CC-BY-4.0"
"NCL-0041","Insomnia","निद्रा नलाग्ने","colloquial","[""निद्रा नलाग्ने"",""सुत्न नसक्ने""]","[""nidra nalagne"",""insomnia""]","[]","[""sleep chaina""]","symptom","","","","true","","","","authored for ArogyaKhata v0.1; not extracted from a published register","[{""type"":""authored"",""ref"":""ArogyaKhata v0.1 seed list, unreviewed""}]","clinician review — Nepali clinical usage","unreviewed","CC-BY-4.0"
"NCL-0042","Fatigue","थकाइ","colloquial","[""थकाइ"",""थकान""]","[""thakai"",""fatigue""]","[]","[""fatigue cha""]","symptom","","","","true","","","","authored for ArogyaKhata v0.1; not extracted from a published register","[{""type"":""authored"",""ref"":""ArogyaKhata v0.1 seed list, unreviewed""}]","clinician review — Nepali clinical usage","unreviewed","CC-BY-4.0"
"NCL-0043","Dehydration","पानीको कमी","colloquial","[""पानीको कमी"",""डिहाइड्रेसन""]","[""pani kami"",""dehydration""]","[]","[""dehydration""]","symptom","","","","true","","","","authored for ArogyaKhata v0.1; not extracted from a published register","[{""type"":""authored"",""ref"":""ArogyaKhata v0.1 seed list, unreviewed""}]","clinician review — Nepali clinical usage","unreviewed","CC-BY-4.0"
"NCL-0044","Wound","घाउ","colloquial","[""घाउ"",""चोट""]","[""ghau"",""wound""]","[]","[""wound cha""]","symptom","","","","true","","","","authored for ArogyaKhata v0.1; not extracted from a published register","[{""type"":""authored"",""ref"":""ArogyaKhata v0.1 seed list, unreviewed""}]","clinician review — Nepali clinical usage","unreviewed","CC-BY-4.0"
"NCL-0045","Bleeding","रगत बग्ने","colloquial","[""रगत बग्ने"",""ब्लिडिङ""]","[""ragat bagne"",""bleeding""]","[]","[""bleeding cha""]","symptom","","","","true","","","","authored for ArogyaKhata v0.1; not extracted from a published register","[{""type"":""authored"",""ref"":""ArogyaKhata v0.1 seed list, unreviewed""}]","clinician review — Nepali clinical usage","unreviewed","CC-BY-4.0"
"NCL-0046","Burn","पोलेको","colloquial","[""पोलेको"",""जलन""]","[""poleko"",""burn""]","[]","[""burn bhayo""]","symptom","","","","true","","","","authored for ArogyaKhata v0.1; not extracted from a published register","[{""type"":""authored"",""ref"":""ArogyaKhata v0.1 seed list, unreviewed""}]","clinician review — Nepali clinical usage","unreviewed","CC-BY-4.0"
"NCL-0047","High fever","धेरै ज्वरो","colloquial","[""धेरै ज्वरो"",""उच्च ज्वरो""]","[""dherai jworo"",""high fever""]","[]","[""high fever""]","symptom","","","","true","","","","authored for ArogyaKhata v0.1; not extracted from a published register","[{""type"":""authored"",""ref"":""ArogyaKhata v0.1 seed list, unreviewed""}]","clinician review — Nepali clinical usage","unreviewed","CC-BY-4.0"
"NCL-0048","Low-grade fever","हल्का ज्वरो","colloquial","[""हल्का ज्वरो"",""सानो ज्वरो""]","[""halka jworo"",""mild fever""]","[]","[""mild fever""]","symptom","","","","true","","","","authored for ArogyaKhata v0.1; not extracted from a published register","[{""type"":""authored"",""ref"":""ArogyaKhata v0.1 seed list, unreviewed""}]","clinician review — Nepali clinical usage","unreviewed","CC-BY-4.0"
"NCL-0049","Leg pain","खुट्टा दुख्ने","colloquial","[""खुट्टा दुख्ने"",""खुट्टा दुखाइ""]","[""khutta dukhne"",""leg pain""]","[]","[""leg pain""]","symptom","","","","true","","","","authored for ArogyaKhata v0.1; not extracted from a published register","[{""type"":""authored"",""ref"":""ArogyaKhata v0.1 seed list, unreviewed""}]","clinician review — Nepali clinical usage","unreviewed","CC-BY-4.0"
"NCL-0050","Arm pain","हात दुख्ने","colloquial","[""हात दुख्ने"",""हात दुखाइ""]","[""haat dukhne"",""arm pain""]","[]","[""arm pain""]","symptom","","","","true","","","","authored for ArogyaKhata v0.1; not extracted from a published register","[{""type"":""authored"",""ref"":""ArogyaKhata v0.1 seed list, unreviewed""}]","clinician review — Nepali clinical usage","unreviewed","CC-BY-4.0"
"NCL-0051","Neck pain","घाँटी पछाडि दुख्ने","colloquial","[""घाँटी पछाडि दुख्ने"",""घाँटी कडा""]","[""neck pain"",""ghati pachadi dukhne""]","[]","[""neck pain""]","symptom","","","","true","","","","authored for ArogyaKhata v0.1; not extracted from a published register","[{""type"":""authored"",""ref"":""ArogyaKhata v0.1 seed list, unreviewed""}]","clinician review — Nepali clinical usage","unreviewed","CC-BY-4.0"
"NCL-0052","Menstrual pain","महिनावारी दुखाइ","colloquial","[""महिनावारी दुखाइ"",""पेट दुख्ने महिनावारीमा""]","[""mahinawari dukhai"",""period pain""]","[]","[""period pain""]","symptom","","","","true","","","","authored for ArogyaKhata v0.1; not extracted from a published register","[{""type"":""authored"",""ref"":""ArogyaKhata v0.1 seed list, unreviewed""}]","clinician review — Nepali clinical usage","unreviewed","CC-BY-4.0"
"NCL-0053","Pregnancy nausea","गर्भावस्थामा वाकवाकी","colloquial","[""गर्भावस्थामा वाकवाकी"",""गर्भवती वाकवाक""]","[""pregnancy nausea"",""garbhawati wakawaki""]","[]","[""pregnancy nausea""]","symptom","","","","true","","","","authored for ArogyaKhata v0.1; not extracted from a published register","[{""type"":""authored"",""ref"":""ArogyaKhata v0.1 seed list, unreviewed""}]","clinician review — Nepali clinical usage","unreviewed","CC-BY-4.0"
"NCL-0054","Ringing in ear","कान बज्ने","colloquial","[""कान बज्ने"",""कानमा आवाज""]","[""kaan bajne"",""tinnitus""]","[]","[""ear ringing""]","symptom","","","","true","","","","authored for ArogyaKhata v0.1; not extracted from a published register","[{""type"":""authored"",""ref"":""ArogyaKhata v0.1 seed list, unreviewed""}]","clinician review — Nepali clinical usage","unreviewed","CC-BY-4.0"
"NCL-0055","Numbness","झमझमाउने","colloquial","[""झमझमाउने"",""सुन्निने जस्तो""]","[""jhamjham aaune"",""numbness""]","[]","[""numbness""]","symptom","","","","true","","","","authored for ArogyaKhata v0.1; not extracted from a published register","[{""type"":""authored"",""ref"":""ArogyaKhata v0.1 seed list, unreviewed""}]","clinician review — Nepali clinical usage","unreviewed","CC-BY-4.0"
"NCL-0056","Tingling","सिरिङ्ग हुने","colloquial","[""सिरिङ्ग हुने"",""झनझन""]","[""siring hune"",""tingling""]","[]","[""tingling""]","symptom","","","","true","","","","authored for ArogyaKhata v0.1; not extracted from a published register","[{""type"":""authored"",""ref"":""ArogyaKhata v0.1 seed list, unreviewed""}]","clinician review — Nepali clinical usage","unreviewed","CC-BY-4.0"
"NCL-0057","Confusion","अलमल","colloquial","[""अलमल"",""होस कम""]","[""almal"",""confusion""]","[]","[""confusion""]","symptom","","","","true","","","","authored for ArogyaKhata v0.1; not extracted from a published register","[{""type"":""authored"",""ref"":""ArogyaKhata v0.1 seed list, unreviewed""}]","clinician review — Nepali clinical usage","unreviewed","CC-BY-4.0"
"NCL-0058","Typhoid fever","टाइफाइड ज्वरो","colloquial","[""टाइफाइड ज्वरो"",""मियादी ज्वरो"",""मियादी जोरो"",""टाइफाइड""]","[""typhoid"",""miyadi jworo"",""miyadi joro""]","[]","[""typhoid cha"",""मियादी joro""]","condition","","1A07","A01.0","true","","","","authored for ArogyaKhata v0.1; not extracted from a published register","[{""type"":""authored"",""ref"":""ArogyaKhata v0.1 seed list, unreviewed""}]","WHO ICD-11 MMS","unreviewed","CC-BY-4.0"
"NCL-0059","Diabetes mellitus","मधुमेह","colloquial","[""मधुमेह"",""डायबिटिज"",""सुगर रोग""]","[""madhumeh"",""diabetes"",""sugar rog""]","[]","[""diabetes cha""]","condition","","","E14","true","","","","authored for ArogyaKhata v0.1; not extracted from a published register","[{""type"":""authored"",""ref"":""ArogyaKhata v0.1 seed list, unreviewed""}]","WHO ICD-11 MMS","unreviewed","CC-BY-4.0"
"NCL-0060","Hypertension","उच्च रक्तचाप","colloquial","[""उच्च रक्तचाप"",""हाइ ब्लड प्रेसर"",""बीपी बढेको""]","[""high bp"",""hypertension"",""bp badheko""]","[]","[""BP high cha""]","condition","","","I10","true","","","","authored for ArogyaKhata v0.1; not extracted from a published register","[{""type"":""authored"",""ref"":""ArogyaKhata v0.1 seed list, unreviewed""}]","WHO ICD-11 MMS","unreviewed","CC-BY-4.0"
"NCL-0061","Tuberculosis","क्षयरोग","colloquial","[""क्षयरोग"",""टीबी""]","[""tb"",""kshayarog"",""tuberculosis""]","[]","[""TB cha""]","condition","","","A15","true","","","","authored for ArogyaKhata v0.1; not extracted from a published register","[{""type"":""authored"",""ref"":""ArogyaKhata v0.1 seed list, unreviewed""}]","WHO ICD-11 MMS","unreviewed","CC-BY-4.0"
"NCL-0062","Pneumonia","निमोनिया","colloquial","[""निमोनिया"",""फोक्सोको संक्रमण""]","[""pneumonia"",""nimoniya""]","[]","[""pneumonia suspect""]","condition","","","J18","true","","","","authored for ArogyaKhata v0.1; not extracted from a published register","[{""type"":""authored"",""ref"":""ArogyaKhata v0.1 seed list, unreviewed""}]","WHO ICD-11 MMS","unreviewed","CC-BY-4.0"
"NCL-0063","Asthma","दम","colloquial","[""दम"",""अस्थमा""]","[""dam"",""asthma""]","[]","[""asthma cha""]","condition","","","J45","true","","","","authored for ArogyaKhata v0.1; not extracted from a published register","[{""type"":""authored"",""ref"":""ArogyaKhata v0.1 seed list, unreviewed""}]","WHO ICD-11 MMS","unreviewed","CC-BY-4.0"
"NCL-0064","Jaundice","जन्डिस","colloquial","[""जन्डिस"",""कमला""]","[""jaundice"",""jandis""]","[]","[""jaundice cha""]","condition","","","R17","true","","","","authored for ArogyaKhata v0.1; not extracted from a published register","[{""type"":""authored"",""ref"":""ArogyaKhata v0.1 seed list, unreviewed""}]","WHO ICD-11 MMS","unreviewed","CC-BY-4.0"
"NCL-0065","Gastritis","ग्यास्ट्राइटिस","colloquial","[""ग्यास्ट्राइटिस"",""ग्यास्ट्रिक""]","[""gastric"",""gastritis""]","[]","[""gastric problem""]","condition","","","K29","true","","","","authored for ArogyaKhata v0.1; not extracted from a published register","[{""type"":""authored"",""ref"":""ArogyaKhata v0.1 seed list, unreviewed""}]","WHO ICD-11 MMS","unreviewed","CC-BY-4.0"
"NCL-0066","Urinary tract infection","पिसाब संक्रमण","colloquial","[""पिसाब संक्रमण"",""युटिआई""]","[""uti"",""urine infection""]","[]","[""UTI cha""]","condition","","","N39.0","true","","","","authored for ArogyaKhata v0.1; not extracted from a published register","[{""type"":""authored"",""ref"":""ArogyaKhata v0.1 seed list, unreviewed""}]","WHO ICD-11 MMS","unreviewed","CC-BY-4.0"
"NCL-0067","Dengue fever","डेंगु ज्वरो","colloquial","[""डेंगु ज्वरो"",""डेंगु""]","[""dengue"",""dengu""]","[]","[""dengue fever""]","condition","","","A90","true","","","","authored for ArogyaKhata v0.1; not extracted from a published register","[{""type"":""authored"",""ref"":""ArogyaKhata v0.1 seed list, unreviewed""}]","WHO ICD-11 MMS","unreviewed","CC-BY-4.0"
"NCL-0068","Malaria","मलेरिया","colloquial","[""मलेरिया""]","[""malaria""]","[]","[""malaria suspect""]","condition","","","B54","true","","","","authored for ArogyaKhata v0.1; not extracted from a published register","[{""type"":""authored"",""ref"":""ArogyaKhata v0.1 seed list, unreviewed""}]","WHO ICD-11 MMS","unreviewed","CC-BY-4.0"
"NCL-0069","COVID-19","कोभिड-१९","colloquial","[""कोभिड-१९"",""कोरोना""]","[""covid"",""corona""]","[]","[""covid positive""]","condition","","","U07.1","true","","","","authored for ArogyaKhata v0.1; not extracted from a published register","[{""type"":""authored"",""ref"":""ArogyaKhata v0.1 seed list, unreviewed""}]","WHO ICD-11 MMS","unreviewed","CC-BY-4.0"
"NCL-0070","Influenza","फ्लु","colloquial","[""फ्लु"",""इन्फ्लुएन्जा""]","[""flu"",""influenza""]","[]","[""flu jasto""]","condition","","","J11","true","","","","authored for ArogyaKhata v0.1; not extracted from a published register","[{""type"":""authored"",""ref"":""ArogyaKhata v0.1 seed list, unreviewed""}]","WHO ICD-11 MMS","unreviewed","CC-BY-4.0"
"NCL-0071","Anemia","रक्तअल्पता","colloquial","[""रक्तअल्पता"",""रगत कम""]","[""anemia"",""ragat kam""]","[]","[""ragat kam cha""]","condition","","","D64","true","","","","authored for ArogyaKhata v0.1; not extracted from a published register","[{""type"":""authored"",""ref"":""ArogyaKhata v0.1 seed list, unreviewed""}]","WHO ICD-11 MMS","unreviewed","CC-BY-4.0"
"NCL-0072","Hypothyroidism","थाइराइड कम","colloquial","[""थाइराइड कम"",""हाइपोथाइराइड""]","[""hypothyroid"",""thyroid low""]","[]","[""thyroid low""]","condition","","","E03","true","","","","authored for ArogyaKhata v0.1; not extracted from a published register","[{""type"":""authored"",""ref"":""ArogyaKhata v0.1 seed list, unreviewed""}]","WHO ICD-11 MMS","unreviewed","CC-BY-4.0"
"NCL-0073","Hyperthyroidism","थाइराइड बढी","colloquial","[""थाइराइड बढी"",""हाइपरथाइराइड""]","[""hyperthyroid"",""thyroid high""]","[]","[""thyroid high""]","condition","","","E05","true","","","","authored for ArogyaKhata v0.1; not extracted from a published register","[{""type"":""authored"",""ref"":""ArogyaKhata v0.1 seed list, unreviewed""}]","WHO ICD-11 MMS","unreviewed","CC-BY-4.0"
"NCL-0074","Chronic kidney disease","मिर्गौला रोग","colloquial","[""मिर्गौला रोग"",""किड्नी रोग""]","[""kidney disease"",""ckd""]","[]","[""CKD cha""]","condition","","","N18","true","","","","authored for ArogyaKhata v0.1; not extracted from a published register","[{""type"":""authored"",""ref"":""ArogyaKhata v0.1 seed list, unreviewed""}]","WHO ICD-11 MMS","unreviewed","CC-BY-4.0"
"NCL-0075","Heart failure","मुटु कमजोर","colloquial","[""मुटु कमजोर"",""हार्ट फेल्यर""]","[""heart failure"",""mutu kamjor""]","[]","[""heart failure""]","condition","","","I50","true","","","","authored for ArogyaKhata v0.1; not extracted from a published register","[{""type"":""authored"",""ref"":""ArogyaKhata v0.1 seed list, unreviewed""}]","WHO ICD-11 MMS","unreviewed","CC-BY-4.0"
"NCL-0076","Stroke","स्ट्रोक","colloquial","[""स्ट्रोक"",""पक्षघात""]","[""stroke"",""pakshaghat""]","[]","[""stroke bhayo""]","condition","","","I64","true","","","","authored for ArogyaKhata v0.1; not extracted from a published register","[{""type"":""authored"",""ref"":""ArogyaKhata v0.1 seed list, unreviewed""}]","WHO ICD-11 MMS","unreviewed","CC-BY-4.0"
"NCL-0077","Epilepsy","छारे रोग","colloquial","[""छारे रोग"",""मिर्गी""]","[""epilepsy"",""chhare rog""]","[]","[""seizure disorder""]","condition","","","G40","true","","","","authored for ArogyaKhata v0.1; not extracted from a published register","[{""type"":""authored"",""ref"":""ArogyaKhata v0.1 seed list, unreviewed""}]","WHO ICD-11 MMS","unreviewed","CC-BY-4.0"
"NCL-0078","Depression","डिप्रेसन","colloquial","[""डिप्रेसन"",""उदासी रोग""]","[""depression""]","[]","[""depression cha""]","condition","","","F32","true","","","","authored for ArogyaKhata v0.1; not extracted from a published register","[{""type"":""authored"",""ref"":""ArogyaKhata v0.1 seed list, unreviewed""}]","WHO ICD-11 MMS","unreviewed","CC-BY-4.0"
"NCL-0079","Anxiety disorder","एन्क्जाइटी","colloquial","[""एन्क्जाइटी"",""चिन्ता रोग""]","[""anxiety disorder""]","[]","[""anxiety disorder""]","condition","","","F41","true","","","","authored for ArogyaKhata v0.1; not extracted from a published register","[{""type"":""authored"",""ref"":""ArogyaKhata v0.1 seed list, unreviewed""}]","WHO ICD-11 MMS","unreviewed","CC-BY-4.0"
"NCL-0080","Migraine","माइग्रेन","colloquial","[""माइग्रेन"",""आधासीसी""]","[""migraine""]","[]","[""migraine headache""]","condition","","","G43","true","","","","authored for ArogyaKhata v0.1; not extracted from a published register","[{""type"":""authored"",""ref"":""ArogyaKhata v0.1 seed list, unreviewed""}]","WHO ICD-11 MMS","unreviewed","CC-BY-4.0"
"NCL-0081","Appendicitis","एपेन्डिसाइटिस","colloquial","[""एपेन्डिसाइटिस"",""एपेन्डिक्स सुन्निने""]","[""appendicitis""]","[]","[""appendix pain""]","condition","","","K35","true","","","","authored for ArogyaKhata v0.1; not extracted from a published register","[{""type"":""authored"",""ref"":""ArogyaKhata v0.1 seed list, unreviewed""}]","WHO ICD-11 MMS","unreviewed","CC-BY-4.0"
"NCL-0082","Gallstone disease","पित्तथैलीको ढुंगा","colloquial","[""पित्तथैलीको ढुंगा"",""गलब्लाडर स्टोन""]","[""gallstone""]","[]","[""gall bladder stone""]","condition","","","K80","true","","","","authored for ArogyaKhata v0.1; not extracted from a published register","[{""type"":""authored"",""ref"":""ArogyaKhata v0.1 seed list, unreviewed""}]","WHO ICD-11 MMS","unreviewed","CC-BY-4.0"
"NCL-0083","Hepatitis","हेपाटाइटिस","colloquial","[""हेपाटाइटिस"",""कलेजोको सूजन""]","[""hepatitis""]","[]","[""hepatitis""]","condition","","","K75","true","","","","authored for ArogyaKhata v0.1; not extracted from a published register","[{""type"":""authored"",""ref"":""ArogyaKhata v0.1 seed list, unreviewed""}]","WHO ICD-11 MMS","unreviewed","CC-BY-4.0"
"NCL-0084","Dysentery","आउँ","colloquial","[""आउँ"",""रगत पखाला""]","[""aau"",""dysentery""]","[]","[""blood diarrhea""]","condition","","","A09","true","","","","authored for ArogyaKhata v0.1; not extracted from a published register","[{""type"":""authored"",""ref"":""ArogyaKhata v0.1 seed list, unreviewed""}]","WHO ICD-11 MMS","unreviewed","CC-BY-4.0"
"NCL-0085","Allergic rhinitis","एलर्जी रुघा","colloquial","[""एलर्जी रुघा"",""नाकको एलर्जी""]","[""allergic rhinitis""]","[]","[""allergy cold""]","condition","","","J30","true","","","","authored for ArogyaKhata v0.1; not extracted from a published register","[{""type"":""authored"",""ref"":""ArogyaKhata v0.1 seed list, unreviewed""}]","WHO ICD-11 MMS","unreviewed","CC-BY-4.0"
"NCL-0086","Skin infection","छाला संक्रमण","colloquial","[""छाला संक्रमण"",""स्किन इन्फेक्सन""]","[""skin infection""]","[]","[""skin infection""]","condition","","","L08","true","","","","authored for ArogyaKhata v0.1; not extracted from a published register","[{""type"":""authored"",""ref"":""ArogyaKhata v0.1 seed list, unreviewed""}]","WHO ICD-11 MMS","unreviewed","CC-BY-4.0"
"NCL-0087","Pregnancy","गर्भावस्था","colloquial","[""गर्भावस्था"",""गर्भवती""]","[""pregnancy"",""garbhawati""]","[]","[""pregnant""]","condition","","","Z34","true","","","","authored for ArogyaKhata v0.1; not extracted from a published register","[{""type"":""authored"",""ref"":""ArogyaKhata v0.1 seed list, unreviewed""}]","WHO ICD-11 MMS","unreviewed","CC-BY-4.0"
"NCL-0088","Paracetamol","प्यारासिटामोल","colloquial","[""प्यारासिटामोल""]","[""paracetamol""]","[]","[""paracetamol 500""]","drug_generic","","","","false","","","","authored for ArogyaKhata v0.1; not extracted from a published register","[{""type"":""authored"",""ref"":""ArogyaKhata v0.1 seed list, unreviewed""}]","Nepal NLEM / DDA generic register","unreviewed","CC-BY-4.0"
"NCL-0089","Ciprofloxacin","सिप्रोफ्लोक्सासिन","colloquial","[""सिप्रोफ्लोक्सासिन"",""सिप्रो""]","[""ciprofloxacin"",""cipro""]","[]","[""cipro 500""]","drug_generic","","","","false","","","","authored for ArogyaKhata v0.1; not extracted from a published register","[{""type"":""authored"",""ref"":""ArogyaKhata v0.1 seed list, unreviewed""}]","Nepal NLEM / DDA generic register","unreviewed","CC-BY-4.0"
"NCL-0090","Metformin","मेटफर्मिन","colloquial","[""मेटफर्मिन""]","[""metformin""]","[]","[""metformin 500""]","drug_generic","","","","false","","","","authored for ArogyaKhata v0.1; not extracted from a published register","[{""type"":""authored"",""ref"":""ArogyaKhata v0.1 seed list, unreviewed""}]","Nepal NLEM / DDA generic register","unreviewed","CC-BY-4.0"
"NCL-0091","Aspirin","एस्पिरिन","colloquial","[""एस्पिरिन""]","[""aspirin""]","[]","[""aspirin 75""]","drug_generic","","","","false","","","","authored for ArogyaKhata v0.1; not extracted from a published register","[{""type"":""authored"",""ref"":""ArogyaKhata v0.1 seed list, unreviewed""}]","Nepal NLEM / DDA generic register","unreviewed","CC-BY-4.0"
"NCL-0092","Amoxicillin","एमोक्सिसिलिन","colloquial","[""एमोक्सिसिलिन""]","[""amoxicillin""]","[]","[""amox 500""]","drug_generic","","","","false","","","","authored for ArogyaKhata v0.1; not extracted from a published register","[{""type"":""authored"",""ref"":""ArogyaKhata v0.1 seed list, unreviewed""}]","Nepal NLEM / DDA generic register","unreviewed","CC-BY-4.0"
"NCL-0093","Azithromycin","एजिथ्रोमाइसिन","colloquial","[""एजिथ्रोमाइसिन""]","[""azithromycin""]","[]","[""azithro 500""]","drug_generic","","","","false","","","","authored for ArogyaKhata v0.1; not extracted from a published register","[{""type"":""authored"",""ref"":""ArogyaKhata v0.1 seed list, unreviewed""}]","Nepal NLEM / DDA generic register","unreviewed","CC-BY-4.0"
"NCL-0094","Cefixime","सेफिक्सिम","colloquial","[""सेफिक्सिम""]","[""cefixime""]","[]","[""cefixime 200""]","drug_generic","","","","false","","","","authored for ArogyaKhata v0.1; not extracted from a published register","[{""type"":""authored"",""ref"":""ArogyaKhata v0.1 seed list, unreviewed""}]","Nepal NLEM / DDA generic register","unreviewed","CC-BY-4.0"
"NCL-0095","Pantoprazole","प्यान्टोप्राजोल","colloquial","[""प्यान्टोप्राजोल""]","[""pantoprazole""]","[]","[""panto 40""]","drug_generic","","","","false","","","","authored for ArogyaKhata v0.1; not extracted from a published register","[{""type"":""authored"",""ref"":""ArogyaKhata v0.1 seed list, unreviewed""}]","Nepal NLEM / DDA generic register","unreviewed","CC-BY-4.0"
"NCL-0096","Omeprazole","ओमेप्राजोल","colloquial","[""ओमेप्राजोल""]","[""omeprazole""]","[]","[""omeprazole 20""]","drug_generic","","","","false","","","","authored for ArogyaKhata v0.1; not extracted from a published register","[{""type"":""authored"",""ref"":""ArogyaKhata v0.1 seed list, unreviewed""}]","Nepal NLEM / DDA generic register","unreviewed","CC-BY-4.0"
"NCL-0097","Cetirizine","सेटिरिजिन","colloquial","[""सेटिरिजिन""]","[""cetirizine""]","[]","[""cetrizine 10""]","drug_generic","","","","false","","","","authored for ArogyaKhata v0.1; not extracted from a published register","[{""type"":""authored"",""ref"":""ArogyaKhata v0.1 seed list, unreviewed""}]","Nepal NLEM / DDA generic register","unreviewed","CC-BY-4.0"
"NCL-0098","Salbutamol","साल्बुटामोल","colloquial","[""साल्बुटामोल""]","[""salbutamol""]","[]","[""salbutamol inhaler""]","drug_generic","","","","false","","","","authored for ArogyaKhata v0.1; not extracted from a published register","[{""type"":""authored"",""ref"":""ArogyaKhata v0.1 seed list, unreviewed""}]","Nepal NLEM / DDA generic register","unreviewed","CC-BY-4.0"
"NCL-0099","Losartan","लोसार्टन","colloquial","[""लोसार्टन""]","[""losartan""]","[]","[""losartan 50""]","drug_generic","","","","false","","","","authored for ArogyaKhata v0.1; not extracted from a published register","[{""type"":""authored"",""ref"":""ArogyaKhata v0.1 seed list, unreviewed""}]","Nepal NLEM / DDA generic register","unreviewed","CC-BY-4.0"
"NCL-0100","Amlodipine","एम्लोडिपिन","colloquial","[""एम्लोडिपिन""]","[""amlodipine""]","[]","[""amlodipine 5""]","drug_generic","","","","false","","","","authored for ArogyaKhata v0.1; not extracted from a published register","[{""type"":""authored"",""ref"":""ArogyaKhata v0.1 seed list, unreviewed""}]","Nepal NLEM / DDA generic register","unreviewed","CC-BY-4.0"
"NCL-0101","Atorvastatin","एटोरभास्टाटिन","colloquial","[""एटोरभास्टाटिन""]","[""atorvastatin""]","[]","[""atorva 10""]","drug_generic","","","","false","","","","authored for ArogyaKhata v0.1; not extracted from a published register","[{""type"":""authored"",""ref"":""ArogyaKhata v0.1 seed list, unreviewed""}]","Nepal NLEM / DDA generic register","unreviewed","CC-BY-4.0"
"NCL-0102","Insulin","इन्सुलिन","colloquial","[""इन्सुलिन""]","[""insulin""]","[]","[""insulin""]","drug_generic","","","","false","","","","authored for ArogyaKhata v0.1; not extracted from a published register","[{""type"":""authored"",""ref"":""ArogyaKhata v0.1 seed list, unreviewed""}]","Nepal NLEM / DDA generic register","unreviewed","CC-BY-4.0"
"NCL-0103","ORS","ओआरएस","colloquial","[""ओआरएस""]","[""ors""]","[]","[""ORS packet""]","drug_generic","","","","false","","","","authored for ArogyaKhata v0.1; not extracted from a published register","[{""type"":""authored"",""ref"":""ArogyaKhata v0.1 seed list, unreviewed""}]","Nepal NLEM / DDA generic register","unreviewed","CC-BY-4.0"
"NCL-0104","Albendazole","अल्बेन्डाजोल","colloquial","[""अल्बेन्डाजोल""]","[""albendazole""]","[]","[""albendazole 400""]","drug_generic","","","","false","","","","authored for ArogyaKhata v0.1; not extracted from a published register","[{""type"":""authored"",""ref"":""ArogyaKhata v0.1 seed list, unreviewed""}]","Nepal NLEM / DDA generic register","unreviewed","CC-BY-4.0"
"NCL-0105","Doxycycline","डोक्सीसाइक्लिन","colloquial","[""डोक्सीसाइक्लिन""]","[""doxycycline""]","[]","[""doxy 100""]","drug_generic","","","","false","","","","authored for ArogyaKhata v0.1; not extracted from a published register","[{""type"":""authored"",""ref"":""ArogyaKhata v0.1 seed list, unreviewed""}]","Nepal NLEM / DDA generic register","unreviewed","CC-BY-4.0"
"NCL-0106","Ibuprofen","आइबुप्रोफेन","colloquial","[""आइबुप्रोफेन""]","[""ibuprofen""]","[]","[""ibu 400""]","drug_generic","","","","false","","","","authored for ArogyaKhata v0.1; not extracted from a published register","[{""type"":""authored"",""ref"":""ArogyaKhata v0.1 seed list, unreviewed""}]","Nepal NLEM / DDA generic register","unreviewed","CC-BY-4.0"
"NCL-0107","Ondansetron","ओन्डान्सेट्रोन","colloquial","[""ओन्डान्सेट्रोन""]","[""ondansetron""]","[]","[""ondansetron 4""]","drug_generic","","","","false","","","","authored for ArogyaKhata v0.1; not extracted from a published register","[{""type"":""authored"",""ref"":""ArogyaKhata v0.1 seed list, unreviewed""}]","Nepal NLEM / DDA generic register","unreviewed","CC-BY-4.0"
"NCL-0108","Calpol","क्यालपोल","clinical","[""क्यालपोल""]","[""calpol""]","[]","[""calpol tablet"",""calpol khayo"",""calpol chalcha""]","drug_brand","NCL-0088","","","false","","","","authored for ArogyaKhata v0.1; not extracted from a published register","[{""type"":""authored"",""ref"":""ArogyaKhata v0.1 seed list, unreviewed""}]","DDA Nepal registered brand list","unreviewed","CC-BY-4.0"
"NCL-0109","Cetamol","सिटामोल","clinical","[""सिटामोल""]","[""cetamol"",""sitamol"",""citamol""]","[]","[""cetamol tablet"",""cetamol khayo"",""cetamol chalcha""]","drug_brand","NCL-0088","","","false","","","","authored for ArogyaKhata v0.1; not extracted from a published register","[{""type"":""authored"",""ref"":""ArogyaKhata v0.1 seed list, unreviewed""}]","DDA Nepal registered brand list","unreviewed","CC-BY-4.0"
"NCL-0110","Dolo","डोलो","clinical","[""डोलो""]","[""dolo""]","[]","[""dolo tablet"",""dolo khayo"",""dolo chalcha""]","drug_brand","NCL-0088","","","false","","","","authored for ArogyaKhata v0.1; not extracted from a published register","[{""type"":""authored"",""ref"":""ArogyaKhata v0.1 seed list, unreviewed""}]","DDA Nepal registered brand list","unreviewed","CC-BY-4.0"
"NCL-0111","Cifran","सिफ्रान","clinical","[""सिफ्रान""]","[""cifran""]","[]","[""cifran tablet"",""cifran khayo"",""cifran chalcha""]","drug_brand","NCL-0089","","","false","","","","authored for ArogyaKhata v0.1; not extracted from a published register","[{""type"":""authored"",""ref"":""ArogyaKhata v0.1 seed list, unreviewed""}]","DDA Nepal registered brand list","unreviewed","CC-BY-4.0"
"NCL-0112","Ciprocin","सिप्रोसिन","clinical","[""सिप्रोसिन""]","[""ciprocin""]","[]","[""ciprocin tablet"",""ciprocin khayo"",""ciprocin chalcha""]","drug_brand","NCL-0089","","","false","","","","authored for ArogyaKhata v0.1; not extracted from a published register","[{""type"":""authored"",""ref"":""ArogyaKhata v0.1 seed list, unreviewed""}]","DDA Nepal registered brand list","unreviewed","CC-BY-4.0"
"NCL-0113","Ciplox","सिप्लोक्स","clinical","[""सिप्लोक्स""]","[""ciplox""]","[]","[""ciplox tablet"",""ciplox khayo"",""ciplox chalcha""]","drug_brand","NCL-0089","","","false","","","","authored for ArogyaKhata v0.1; not extracted from a published register","[{""type"":""authored"",""ref"":""ArogyaKhata v0.1 seed list, unreviewed""}]","DDA Nepal registered brand list","unreviewed","CC-BY-4.0"
"NCL-0114","Glycomet","ग्लाइकोमेट","clinical","[""ग्लाइकोमेट""]","[""glycomet""]","[]","[""glycomet tablet"",""glycomet khayo"",""glycomet chalcha""]","drug_brand","NCL-0090","","","false","","","","authored for ArogyaKhata v0.1; not extracted from a published register","[{""type"":""authored"",""ref"":""ArogyaKhata v0.1 seed list, unreviewed""}]","DDA Nepal registered brand list","unreviewed","CC-BY-4.0"
"NCL-0115","Glyciphage","ग्लाइसिफेज","clinical","[""ग्लाइसिफेज""]","[""glyciphage""]","[]","[""glyciphage tablet"",""glyciphage khayo"",""glyciphage chalcha""]","drug_brand","NCL-0090","","","false","","","","authored for ArogyaKhata v0.1; not extracted from a published register","[{""type"":""authored"",""ref"":""ArogyaKhata v0.1 seed list, unreviewed""}]","DDA Nepal registered brand list","unreviewed","CC-BY-4.0"
"NCL-0116","Metlong","मेटलङ","clinical","[""मेटलङ""]","[""metlong""]","[]","[""metlong tablet"",""metlong khayo"",""metlong chalcha""]","drug_brand","NCL-0090","","","false","","","","authored for ArogyaKhata v0.1; not extracted from a published register","[{""type"":""authored"",""ref"":""ArogyaKhata v0.1 seed list, unreviewed""}]","DDA Nepal registered brand list","unreviewed","CC-BY-4.0"
"NCL-0117","Ecosprin","इकोस्प्रिन","clinical","[""इकोस्प्रिन""]","[""ecosprin""]","[]","[""ecosprin tablet"",""ecosprin khayo"",""ecosprin chalcha""]","drug_brand","NCL-0091","","","false","","","","authored for ArogyaKhata v0.1; not extracted from a published register","[{""type"":""authored"",""ref"":""ArogyaKhata v0.1 seed list, unreviewed""}]","DDA Nepal registered brand list","unreviewed","CC-BY-4.0"
"NCL-0118","Disprin","डिस्प्रिन","clinical","[""डिस्प्रिन""]","[""disprin""]","[]","[""disprin tablet"",""disprin khayo"",""disprin chalcha""]","drug_brand","NCL-0091","","","false","","","","authored for ArogyaKhata v0.1; not extracted from a published register","[{""type"":""authored"",""ref"":""ArogyaKhata v0.1 seed list, unreviewed""}]","DDA Nepal registered brand list","unreviewed","CC-BY-4.0"
"NCL-0119","Ascard","एस्कार्ड","clinical","[""एस्कार्ड""]","[""ascard""]","[]","[""ascard tablet"",""ascard khayo"",""ascard chalcha""]","drug_brand","NCL-0091","","","false","","","","authored for ArogyaKhata v0.1; not extracted from a published register","[{""type"":""authored"",""ref"":""ArogyaKhata v0.1 seed list, unreviewed""}]","DDA Nepal registered brand list","unreviewed","CC-BY-4.0"
"NCL-0120","Mox","मोक्स","clinical","[""मोक्स""]","[""mox""]","[]","[""mox tablet"",""mox khayo"",""mox chalcha""]","drug_brand","NCL-0092","","","false","","","","authored for ArogyaKhata v0.1; not extracted from a published register","[{""type"":""authored"",""ref"":""ArogyaKhata v0.1 seed list, unreviewed""}]","DDA Nepal registered brand list","unreviewed","CC-BY-4.0"
"NCL-0121","Novamox","नोभामोक्स","clinical","[""नोभामोक्स""]","[""novamox""]","[]","[""novamox tablet"",""novamox khayo"",""novamox chalcha""]","drug_brand","NCL-0092","","","false","","","","authored for ArogyaKhata v0.1; not extracted from a published register","[{""type"":""authored"",""ref"":""ArogyaKhata v0.1 seed list, unreviewed""}]","DDA Nepal registered brand list","unreviewed","CC-BY-4.0"
"NCL-0122","Amoxil","एमोक्सिल","clinical","[""एमोक्सिल""]","[""amoxil""]","[]","[""amoxil tablet"",""amoxil khayo"",""amoxil chalcha""]","drug_brand","NCL-0092","","","false","","","","authored for ArogyaKhata v0.1; not extracted from a published register","[{""type"":""authored"",""ref"":""ArogyaKhata v0.1 seed list, unreviewed""}]","DDA Nepal registered brand list","unreviewed","CC-BY-4.0"
"NCL-0123","Azee","एजी","clinical","[""एजी""]","[""azee""]","[]","[""azee tablet"",""azee khayo"",""azee chalcha""]","drug_brand","NCL-0093","","","false","","","","authored for ArogyaKhata v0.1; not extracted from a published register","[{""type"":""authored"",""ref"":""ArogyaKhata v0.1 seed list, unreviewed""}]","DDA Nepal registered brand list","unreviewed","CC-BY-4.0"
"NCL-0124","Azithral","एजिथ्राल","clinical","[""एजिथ्राल""]","[""azithral""]","[]","[""azithral tablet"",""azithral khayo"",""azithral chalcha""]","drug_brand","NCL-0093","","","false","","","","authored for ArogyaKhata v0.1; not extracted from a published register","[{""type"":""authored"",""ref"":""ArogyaKhata v0.1 seed list, unreviewed""}]","DDA Nepal registered brand list","unreviewed","CC-BY-4.0"
"NCL-0125","Zithromax","जिथ्रोम्याक्स","clinical","[""जिथ्रोम्याक्स""]","[""zithromax""]","[]","[""zithromax tablet"",""zithromax khayo"",""zithromax chalcha""]","drug_brand","NCL-0093","","","false","","","","authored for ArogyaKhata v0.1; not extracted from a published register","[{""type"":""authored"",""ref"":""ArogyaKhata v0.1 seed list, unreviewed""}]","DDA Nepal registered brand list","unreviewed","CC-BY-4.0"
"NCL-0126","Taxim-O","ट्याक्सिम-ओ","clinical","[""ट्याक्सिम-ओ""]","[""taxim-o"",""taxim o"",""taximo""]","[]","[""taxim-o tablet"",""taxim-o khayo"",""taxim-o chalcha""]","drug_brand","NCL-0094","","","false","","","","authored for ArogyaKhata v0.1; not extracted from a published register","[{""type"":""authored"",""ref"":""ArogyaKhata v0.1 seed list, unreviewed""}]","DDA Nepal registered brand list","unreviewed","CC-BY-4.0"
"NCL-0127","Zifi","जिफी","clinical","[""जिफी""]","[""zifi""]","[]","[""zifi tablet"",""zifi khayo"",""zifi chalcha""]","drug_brand","NCL-0094","","","false","","","","authored for ArogyaKhata v0.1; not extracted from a published register","[{""type"":""authored"",""ref"":""ArogyaKhata v0.1 seed list, unreviewed""}]","DDA Nepal registered brand list","unreviewed","CC-BY-4.0"
"NCL-0128","Cefspan","सेफस्पान","clinical","[""सेफस्पान""]","[""cefspan""]","[]","[""cefspan tablet"",""cefspan khayo"",""cefspan chalcha""]","drug_brand","NCL-0094","","","false","","","","authored for ArogyaKhata v0.1; not extracted from a published register","[{""type"":""authored"",""ref"":""ArogyaKhata v0.1 seed list, unreviewed""}]","DDA Nepal registered brand list","unreviewed","CC-BY-4.0"
"NCL-0129","Pan-D","प्यान-डी","clinical","[""प्यान-डी""]","[""pan-d"",""pan d"",""pand""]","[]","[""pan-d tablet"",""pan-d khayo"",""pan-d chalcha""]","drug_brand","NCL-0095","","","false","","","","authored for ArogyaKhata v0.1; not extracted from a published register","[{""type"":""authored"",""ref"":""ArogyaKhata v0.1 seed list, unreviewed""}]","DDA Nepal registered brand list","unreviewed","CC-BY-4.0"
"NCL-0130","Pantocid","प्यान्टोसिड","clinical","[""प्यान्टोसिड""]","[""pantocid""]","[]","[""pantocid tablet"",""pantocid khayo"",""pantocid chalcha""]","drug_brand","NCL-0095","","","false","","","","authored for ArogyaKhata v0.1; not extracted from a published register","[{""type"":""authored"",""ref"":""ArogyaKhata v0.1 seed list, unreviewed""}]","DDA Nepal registered brand list","unreviewed","CC-BY-4.0"
"NCL-0131","Pantozol","प्यान्टोजोल","clinical","[""प्यान्टोजोल""]","[""pantozol""]","[]","[""pantozol tablet"",""pantozol khayo"",""pantozol chalcha""]","drug_brand","NCL-0095","","","false","","","","authored for ArogyaKhata v0.1; not extracted from a published register","[{""type"":""authored"",""ref"":""ArogyaKhata v0.1 seed list, unreviewed""}]","DDA Nepal registered brand list","unreviewed","CC-BY-4.0"
"NCL-0132","Omez","ओमेज","clinical","[""ओमेज""]","[""omez""]","[]","[""omez tablet"",""omez khayo"",""omez chalcha""]","drug_brand","NCL-0096","","","false","","","","authored for ArogyaKhata v0.1; not extracted from a published register","[{""type"":""authored"",""ref"":""ArogyaKhata v0.1 seed list, unreviewed""}]","DDA Nepal registered brand list","unreviewed","CC-BY-4.0"
"NCL-0133","Ocid","ओसिड","clinical","[""ओसिड""]","[""ocid""]","[]","[""ocid tablet"",""ocid khayo"",""ocid chalcha""]","drug_brand","NCL-0096","","","false","","","","authored for ArogyaKhata v0.1; not extracted from a published register","[{""type"":""authored"",""ref"":""ArogyaKhata v0.1 seed list, unreviewed""}]","DDA Nepal registered brand list","unreviewed","CC-BY-4.0"
"NCL-0134","Risek","राइसेक","clinical","[""राइसेक""]","[""risek""]","[]","[""risek tablet"",""risek khayo"",""risek chalcha""]","drug_brand","NCL-0096","","","false","","","","authored for ArogyaKhata v0.1; not extracted from a published register","[{""type"":""authored"",""ref"":""ArogyaKhata v0.1 seed list, unreviewed""}]","DDA Nepal registered brand list","unreviewed","CC-BY-4.0"
"NCL-0135","Cetzine","सेट्जिन","clinical","[""सेट्जिन""]","[""cetzine""]","[]","[""cetzine tablet"",""cetzine khayo"",""cetzine chalcha""]","drug_brand","NCL-0097","","","false","","","","authored for ArogyaKhata v0.1; not extracted from a published register","[{""type"":""authored"",""ref"":""ArogyaKhata v0.1 seed list, unreviewed""}]","DDA Nepal registered brand list","unreviewed","CC-BY-4.0"
"NCL-0136","Okacet","ओकासेट","clinical","[""ओकासेट""]","[""okacet""]","[]","[""okacet tablet"",""okacet khayo"",""okacet chalcha""]","drug_brand","NCL-0097","","","false","","","","authored for ArogyaKhata v0.1; not extracted from a published register","[{""type"":""authored"",""ref"":""ArogyaKhata v0.1 seed list, unreviewed""}]","DDA Nepal registered brand list","unreviewed","CC-BY-4.0"
"NCL-0137","Zyrtec","जाइर्टेक","clinical","[""जाइर्टेक""]","[""zyrtec""]","[]","[""zyrtec tablet"",""zyrtec khayo"",""zyrtec chalcha""]","drug_brand","NCL-0097","","","false","","","","authored for ArogyaKhata v0.1; not extracted from a published register","[{""type"":""authored"",""ref"":""ArogyaKhata v0.1 seed list, unreviewed""}]","DDA Nepal registered brand list","unreviewed","CC-BY-4.0"
"NCL-0138","Asthalin","अस्थालिन","clinical","[""अस्थालिन""]","[""asthalin""]","[]","[""asthalin tablet"",""asthalin khayo"",""asthalin chalcha""]","drug_brand","NCL-0098","","","false","","","","authored for ArogyaKhata v0.1; not extracted from a published register","[{""type"":""authored"",""ref"":""ArogyaKhata v0.1 seed list, unreviewed""}]","DDA Nepal registered brand list","unreviewed","CC-BY-4.0"
"NCL-0139","Ventolin","भेन्टोलिन","clinical","[""भेन्टोलिन""]","[""ventolin""]","[]","[""ventolin tablet"",""ventolin khayo"",""ventolin chalcha""]","drug_brand","NCL-0098","","","false","","","","authored for ArogyaKhata v0.1; not extracted from a published register","[{""type"":""authored"",""ref"":""ArogyaKhata v0.1 seed list, unreviewed""}]","DDA Nepal registered brand list","unreviewed","CC-BY-4.0"
"NCL-0140","Levolin","लेभोलिन","clinical","[""लेभोलिन""]","[""levolin""]","[]","[""levolin tablet"",""levolin khayo"",""levolin chalcha""]","drug_brand","NCL-0098","","","false","","","","authored for ArogyaKhata v0.1; not extracted from a published register","[{""type"":""authored"",""ref"":""ArogyaKhata v0.1 seed list, unreviewed""}]","DDA Nepal registered brand list","unreviewed","CC-BY-4.0"
"NCL-0141","Losar","लोसार","clinical","[""लोसार""]","[""losar""]","[]","[""losar tablet"",""losar khayo"",""losar chalcha""]","drug_brand","NCL-0099","","","false","","","","authored for ArogyaKhata v0.1; not extracted from a published register","[{""type"":""authored"",""ref"":""ArogyaKhata v0.1 seed list, unreviewed""}]","DDA Nepal registered brand list","unreviewed","CC-BY-4.0"
"NCL-0142","Repace","रिपेस","clinical","[""रिपेस""]","[""repace""]","[]","[""repace tablet"",""repace khayo"",""repace chalcha""]","drug_brand","NCL-0099","","","false","","","","authored for ArogyaKhata v0.1; not extracted from a published register","[{""type"":""authored"",""ref"":""ArogyaKhata v0.1 seed list, unreviewed""}]","DDA Nepal registered brand list","unreviewed","CC-BY-4.0"
"NCL-0143","Cozaar","कोजार","clinical","[""कोजार""]","[""cozaar""]","[]","[""cozaar tablet"",""cozaar khayo"",""cozaar chalcha""]","drug_brand","NCL-0099","","","false","","","","authored for ArogyaKhata v0.1; not extracted from a published register","[{""type"":""authored"",""ref"":""ArogyaKhata v0.1 seed list, unreviewed""}]","DDA Nepal registered brand list","unreviewed","CC-BY-4.0"
"NCL-0144","Amlong","एमलङ","clinical","[""एमलङ""]","[""amlong""]","[]","[""amlong tablet"",""amlong khayo"",""amlong chalcha""]","drug_brand","NCL-0100","","","false","","","","authored for ArogyaKhata v0.1; not extracted from a published register","[{""type"":""authored"",""ref"":""ArogyaKhata v0.1 seed list, unreviewed""}]","DDA Nepal registered brand list","unreviewed","CC-BY-4.0"
"NCL-0145","Amlopres","एम्लोप्रेस","clinical","[""एम्लोप्रेस""]","[""amlopres""]","[]","[""amlopres tablet"",""amlopres khayo"",""amlopres chalcha""]","drug_brand","NCL-0100","","","false","","","","authored for ArogyaKhata v0.1; not extracted from a published register","[{""type"":""authored"",""ref"":""ArogyaKhata v0.1 seed list, unreviewed""}]","DDA Nepal registered brand list","unreviewed","CC-BY-4.0"
"NCL-0146","Stamlo","स्टाम्लो","clinical","[""स्टाम्लो""]","[""stamlo""]","[]","[""stamlo tablet"",""stamlo khayo"",""stamlo chalcha""]","drug_brand","NCL-0100","","","false","","","","authored for ArogyaKhata v0.1; not extracted from a published register","[{""type"":""authored"",""ref"":""ArogyaKhata v0.1 seed list, unreviewed""}]","DDA Nepal registered brand list","unreviewed","CC-BY-4.0"
"NCL-0147","Atorva","एटोरभा","clinical","[""एटोरभा""]","[""atorva""]","[]","[""atorva tablet"",""atorva khayo"",""atorva chalcha""]","drug_brand","NCL-0101","","","false","","","","authored for ArogyaKhata v0.1; not extracted from a published register","[{""type"":""authored"",""ref"":""ArogyaKhata v0.1 seed list, unreviewed""}]","DDA Nepal registered brand list","unreviewed","CC-BY-4.0"
"NCL-0148","Lipicure","लिपिक्योर","clinical","[""लिपिक्योर""]","[""lipicure""]","[]","[""lipicure tablet"",""lipicure khayo"",""lipicure chalcha""]","drug_brand","NCL-0101","","","false","","","","authored for ArogyaKhata v0.1; not extracted from a published register","[{""type"":""authored"",""ref"":""ArogyaKhata v0.1 seed list, unreviewed""}]","DDA Nepal registered brand list","unreviewed","CC-BY-4.0"
"NCL-0149","Storvas","स्टोर्भास","clinical","[""स्टोर्भास""]","[""storvas""]","[]","[""storvas tablet"",""storvas khayo"",""storvas chalcha""]","drug_brand","NCL-0101","","","false","","","","authored for ArogyaKhata v0.1; not extracted from a published register","[{""type"":""authored"",""ref"":""ArogyaKhata v0.1 seed list, unreviewed""}]","DDA Nepal registered brand list","unreviewed","CC-BY-4.0"
"NCL-0150","Huminsulin","हुमिन्सुलिन","clinical","[""हुमिन्सुलिन""]","[""huminsulin""]","[]","[""huminsulin tablet"",""huminsulin khayo"",""huminsulin chalcha""]","drug_brand","NCL-0102","","","false","","","","authored for ArogyaKhata v0.1; not extracted from a published register","[{""type"":""authored"",""ref"":""ArogyaKhata v0.1 seed list, unreviewed""}]","DDA Nepal registered brand list","unreviewed","CC-BY-4.0"
"NCL-0151","Mixtard","मिक्सटार्ड","clinical","[""मिक्सटार्ड""]","[""mixtard""]","[]","[""mixtard tablet"",""mixtard khayo"",""mixtard chalcha""]","drug_brand","NCL-0102","","","false","","","","authored for ArogyaKhata v0.1; not extracted from a published register","[{""type"":""authored"",""ref"":""ArogyaKhata v0.1 seed list, unreviewed""}]","DDA Nepal registered brand list","unreviewed","CC-BY-4.0"
"NCL-0152","Lantus","ल्यान्टस","clinical","[""ल्यान्टस""]","[""lantus""]","[]","[""lantus tablet"",""lantus khayo"",""lantus chalcha""]","drug_brand","NCL-0102","","","false","","","","authored for ArogyaKhata v0.1; not extracted from a published register","[{""type"":""authored"",""ref"":""ArogyaKhata v0.1 seed list, unreviewed""}]","DDA Nepal registered brand list","unreviewed","CC-BY-4.0"
"NCL-0153","Jeevan Jal","जीवनजल","clinical","[""जीवनजल""]","[""jeevan jal"",""jeevanjal"",""jiwanjal"",""jiwan jal""]","[]","[""jeevan jal tablet"",""jeevan jal khayo"",""jeevan jal chalcha""]","drug_brand","NCL-0103","","","false","","","","authored for ArogyaKhata v0.1; not extracted from a published register","[{""type"":""authored"",""ref"":""ArogyaKhata v0.1 seed list, unreviewed""}]","DDA Nepal registered brand list","unreviewed","CC-BY-4.0"
"NCL-0154","Electral","इलेक्ट्रल","clinical","[""इलेक्ट्रल""]","[""electral""]","[]","[""electral tablet"",""electral khayo"",""electral chalcha""]","drug_brand","NCL-0103","","","false","","","","authored for ArogyaKhata v0.1; not extracted from a published register","[{""type"":""authored"",""ref"":""ArogyaKhata v0.1 seed list, unreviewed""}]","DDA Nepal registered brand list","unreviewed","CC-BY-4.0"
"NCL-0155","Zentel","जेन्टेल","clinical","[""जेन्टेल""]","[""zentel""]","[]","[""zentel tablet"",""zentel khayo"",""zentel chalcha""]","drug_brand","NCL-0104","","","false","","","","authored for ArogyaKhata v0.1; not extracted from a published register","[{""type"":""authored"",""ref"":""ArogyaKhata v0.1 seed list, unreviewed""}]","DDA Nepal registered brand list","unreviewed","CC-BY-4.0"
"NCL-0156","Alworm","अलवर्म","clinical","[""अलवर्म""]","[""alworm""]","[]","[""alworm tablet"",""alworm khayo"",""alworm chalcha""]","drug_brand","NCL-0104","","","false","","","","authored for ArogyaKhata v0.1; not extracted from a published register","[{""type"":""authored"",""ref"":""ArogyaKhata v0.1 seed list, unreviewed""}]","DDA Nepal registered brand list","unreviewed","CC-BY-4.0"
"NCL-0157","Doxinate","डोक्सिनेट","clinical","[""डोक्सिनेट""]","[""doxinate""]","[]","[""doxinate tablet"",""doxinate khayo"",""doxinate chalcha""]","drug_brand","NCL-0105","","","false","","","","authored for ArogyaKhata v0.1; not extracted from a published register","[{""type"":""authored"",""ref"":""ArogyaKhata v0.1 seed list, unreviewed""}]","DDA Nepal registered brand list","unreviewed","CC-BY-4.0"
"NCL-0158","Brufen","ब्रुफेन","clinical","[""ब्रुफेन""]","[""brufen""]","[]","[""brufen tablet"",""brufen khayo"",""brufen chalcha""]","drug_brand","NCL-0106","","","false","","","","authored for ArogyaKhata v0.1; not extracted from a published register","[{""type"":""authored"",""ref"":""ArogyaKhata v0.1 seed list, unreviewed""}]","DDA Nepal registered brand list","unreviewed","CC-BY-4.0"
"NCL-0159","Ibugesic","आइबुजेसिक","clinical","[""आइबुजेसिक""]","[""ibugesic""]","[]","[""ibugesic tablet"",""ibugesic khayo"",""ibugesic chalcha""]","drug_brand","NCL-0106","","","false","","","","authored for ArogyaKhata v0.1; not extracted from a published register","[{""type"":""authored"",""ref"":""ArogyaKhata v0.1 seed list, unreviewed""}]","DDA Nepal registered brand list","unreviewed","CC-BY-4.0"
"NCL-0160","Emeset","एमेसेट","clinical","[""एमेसेट""]","[""emeset""]","[]","[""emeset tablet"",""emeset khayo"",""emeset chalcha""]","drug_brand","NCL-0107","","","false","","","","authored for ArogyaKhata v0.1; not extracted from a published register","[{""type"":""authored"",""ref"":""ArogyaKhata v0.1 seed list, unreviewed""}]","DDA Nepal registered brand list","unreviewed","CC-BY-4.0"
"NCL-0161","Ondem","ओन्डेम","clinical","[""ओन्डेम""]","[""ondem""]","[]","[""ondem tablet"",""ondem khayo"",""ondem chalcha""]","drug_brand","NCL-0107","","","false","","","","authored for ArogyaKhata v0.1; not extracted from a published register","[{""type"":""authored"",""ref"":""ArogyaKhata v0.1 seed list, unreviewed""}]","DDA Nepal registered brand list","unreviewed","CC-BY-4.0"
"NCL-0162","Complete blood count","सीबीसी","colloquial","[""सीबीसी"",""रगतको पूरा जाँच""]","[""cbc"",""complete blood count""]","[""CBC""]","[""CBC test""]","investigation","","","","false","","","","authored for ArogyaKhata v0.1; not extracted from a published register","[{""type"":""authored"",""ref"":""ArogyaKhata v0.1 seed list, unreviewed""}]","hospital laboratory test menu","unreviewed","CC-BY-4.0"
"NCL-0163","Hemoglobin","हेमोग्लोबिन","colloquial","[""हेमोग्लोबिन"",""एचबी""]","[""hb"",""hemoglobin""]","[""Hb"",""Hgb""]","[""Hb low""]","investigation","","","","false","","","","authored for ArogyaKhata v0.1; not extracted from a published register","[{""type"":""authored"",""ref"":""ArogyaKhata v0.1 seed list, unreviewed""}]","hospital laboratory test menu","unreviewed","CC-BY-4.0"
"NCL-0164","Blood sugar fasting","फास्टिङ सुगर","colloquial","[""फास्टिङ सुगर"",""खाली पेट चिनी""]","[""fbs"",""fasting sugar""]","[""FBS""]","[""FBS test""]","investigation","","","","false","","","","authored for ArogyaKhata v0.1; not extracted from a published register","[{""type"":""authored"",""ref"":""ArogyaKhata v0.1 seed list, unreviewed""}]","hospital laboratory test menu","unreviewed","CC-BY-4.0"
"NCL-0165","Blood sugar random","र्यान्डम सुगर","colloquial","[""र्यान्डम सुगर"",""आरबीएस""]","[""rbs"",""random sugar""]","[""RBS""]","[""RBS test""]","investigation","","","","false","","","","authored for ArogyaKhata v0.1; not extracted from a published register","[{""type"":""authored"",""ref"":""ArogyaKhata v0.1 seed list, unreviewed""}]","hospital laboratory test menu","unreviewed","CC-BY-4.0"
"NCL-0166","HbA1c","एचबीएवानसी","colloquial","[""एचबीएवानसी""]","[""hba1c""]","[""HbA1c""]","[""HbA1c test""]","investigation","","","","false","","","","authored for ArogyaKhata v0.1; not extracted from a published register","[{""type"":""authored"",""ref"":""ArogyaKhata v0.1 seed list, unreviewed""}]","hospital laboratory test menu","unreviewed","CC-BY-4.0"
"NCL-0167","Urine routine","पिसाब जाँच","colloquial","[""पिसाब जाँच"",""युरिन आरई""]","[""urine re"",""urine test""]","[""Urine R/E""]","[""urine test""]","investigation","","","","false","","","","authored for ArogyaKhata v0.1; not extracted from a published register","[{""type"":""authored"",""ref"":""ArogyaKhata v0.1 seed list, unreviewed""}]","hospital laboratory test menu","unreviewed","CC-BY-4.0"
"NCL-0168","Stool routine","दिसा जाँच","colloquial","[""दिसा जाँच"",""स्टुल आरई""]","[""stool re"",""stool test""]","[""Stool R/E""]","[""stool test""]","investigation","","","","false","","","","authored for ArogyaKhata v0.1; not extracted from a published register","[{""type"":""authored"",""ref"":""ArogyaKhata v0.1 seed list, unreviewed""}]","hospital laboratory test menu","unreviewed","CC-BY-4.0"
"NCL-0169","Blood culture","रगत कल्चर","colloquial","[""रगत कल्चर"",""ब्लड कल्चर""]","[""blood culture""]","[""Blood C/S""]","[""blood culture""]","investigation","","","","false","","","","authored for ArogyaKhata v0.1; not extracted from a published register","[{""type"":""authored"",""ref"":""ArogyaKhata v0.1 seed list, unreviewed""}]","hospital laboratory test menu","unreviewed","CC-BY-4.0"
"NCL-0170","Widal test","विडाल जाँच","colloquial","[""विडाल जाँच""]","[""widal""]","[""Widal""]","[""widal test""]","investigation","","","","false","","","","authored for ArogyaKhata v0.1; not extracted from a published register","[{""type"":""authored"",""ref"":""ArogyaKhata v0.1 seed list, unreviewed""}]","hospital laboratory test menu","unreviewed","CC-BY-4.0"
"NCL-0171","Malaria smear","मलेरिया स्लाइड","colloquial","[""मलेरिया स्लाइड"",""मलेरिया जाँच""]","[""malaria smear""]","[""MP slide""]","[""malaria test""]","investigation","","","","false","","","","authored for ArogyaKhata v0.1; not extracted from a published register","[{""type"":""authored"",""ref"":""ArogyaKhata v0.1 seed list, unreviewed""}]","hospital laboratory test menu","unreviewed","CC-BY-4.0"
"NCL-0172","Dengue NS1","डेंगु एनएस१","colloquial","[""डेंगु एनएस१""]","[""dengue ns1""]","[""NS1""]","[""NS1 test""]","investigation","","","","false","","","","authored for ArogyaKhata v0.1; not extracted from a published register","[{""type"":""authored"",""ref"":""ArogyaKhata v0.1 seed list, unreviewed""}]","hospital laboratory test menu","unreviewed","CC-BY-4.0"
"NCL-0173","Liver function test","कलेजो जाँच","colloquial","[""कलेजो जाँच"",""एलएफटी""]","[""lft"",""liver function""]","[""LFT""]","[""LFT""]","investigation","","","","false","","","","authored for ArogyaKhata v0.1; not extracted from a published register","[{""type"":""authored"",""ref"":""ArogyaKhata v0.1 seed list, unreviewed""}]","hospital laboratory test menu","unreviewed","CC-BY-4.0"
"NCL-0174","Kidney function test","मिर्गौला जाँच","colloquial","[""मिर्गौला जाँच"",""आरएफटी"",""केएफटी""]","[""rft"",""kft""]","[""RFT"",""KFT""]","[""RFT""]","investigation","","","","false","","","","authored for ArogyaKhata v0.1; not extracted from a published register","[{""type"":""authored"",""ref"":""ArogyaKhata v0.1 seed list, unreviewed""}]","hospital laboratory test menu","unreviewed","CC-BY-4.0"
"NCL-0175","Serum creatinine","क्रिएटिनिन","colloquial","[""क्रिएटिनिन""]","[""creatinine""]","[""Creatinine"",""S. Creatinine""]","[""creatinine test""]","investigation","","","","false","","","","authored for ArogyaKhata v0.1; not extracted from a published register","[{""type"":""authored"",""ref"":""ArogyaKhata v0.1 seed list, unreviewed""}]","hospital laboratory test menu","unreviewed","CC-BY-4.0"
"NCL-0176","Urea","युरिया","colloquial","[""युरिया""]","[""urea""]","[""Blood urea"",""B. Urea""]","[""urea test""]","investigation","","","","false","","","","authored for ArogyaKhata v0.1; not extracted from a published register","[{""type"":""authored"",""ref"":""ArogyaKhata v0.1 seed list, unreviewed""}]","hospital laboratory test menu","unreviewed","CC-BY-4.0"
"NCL-0177","Electrolytes","इलेक्ट्रोलाइट","colloquial","[""इलेक्ट्रोलाइट"",""सोडियम पोटासियम""]","[""electrolytes""]","[""Na/K""]","[""electrolyte test""]","investigation","","","","false","","","","authored for ArogyaKhata v0.1; not extracted from a published register","[{""type"":""authored"",""ref"":""ArogyaKhata v0.1 seed list, unreviewed""}]","hospital laboratory test menu","unreviewed","CC-BY-4.0"
"NCL-0178","Chest X-ray","छाती एक्स-रे","colloquial","[""छाती एक्स-रे""]","[""chest xray"",""cxr""]","[""CXR""]","[""CXR""]","investigation","","","","false","","","","authored for ArogyaKhata v0.1; not extracted from a published register","[{""type"":""authored"",""ref"":""ArogyaKhata v0.1 seed list, unreviewed""}]","hospital laboratory test menu","unreviewed","CC-BY-4.0"
"NCL-0179","Abdominal ultrasound","पेटको अल्ट्रासाउन्ड","colloquial","[""पेटको अल्ट्रासाउन्ड""]","[""usg abdomen""]","[""USG abdomen""]","[""USG abdomen""]","investigation","","","","false","","","","authored for ArogyaKhata v0.1; not extracted from a published register","[{""type"":""authored"",""ref"":""ArogyaKhata v0.1 seed list, unreviewed""}]","hospital laboratory test menu","unreviewed","CC-BY-4.0"
"NCL-0180","ECG","ईसीजी","colloquial","[""ईसीजी"",""मुटुको ग्राफ""]","[""ecg""]","[""ECG""]","[""ECG""]","investigation","","","","false","","","","authored for ArogyaKhata v0.1; not extracted from a published register","[{""type"":""authored"",""ref"":""ArogyaKhata v0.1 seed list, unreviewed""}]","hospital laboratory test menu","unreviewed","CC-BY-4.0"
"NCL-0181","CT scan","सीटी स्क्यान","colloquial","[""सीटी स्क्यान""]","[""ct scan""]","[""CT""]","[""CT scan""]","investigation","","","","false","","","","authored for ArogyaKhata v0.1; not extracted from a published register","[{""type"":""authored"",""ref"":""ArogyaKhata v0.1 seed list, unreviewed""}]","hospital laboratory test menu","unreviewed","CC-BY-4.0"
"NCL-0182","MRI","एमआरआई","colloquial","[""एमआरआई""]","[""mri""]","[""MRI""]","[""MRI""]","investigation","","","","false","","","","authored for ArogyaKhata v0.1; not extracted from a published register","[{""type"":""authored"",""ref"":""ArogyaKhata v0.1 seed list, unreviewed""}]","hospital laboratory test menu","unreviewed","CC-BY-4.0"
"NCL-0183","Thyroid function test","थाइराइड जाँच","colloquial","[""थाइराइड जाँच"",""टीएफटी""]","[""tft"",""thyroid test""]","[""TFT"",""TSH""]","[""TFT""]","investigation","","","","false","","","","authored for ArogyaKhata v0.1; not extracted from a published register","[{""type"":""authored"",""ref"":""ArogyaKhata v0.1 seed list, unreviewed""}]","hospital laboratory test menu","unreviewed","CC-BY-4.0"
"NCL-0184","Lipid profile","लिपिड प्रोफाइल","colloquial","[""लिपिड प्रोफाइल"",""कोलेस्ट्रोल जाँच""]","[""lipid profile""]","[""Lipid profile""]","[""lipid profile""]","investigation","","","","false","","","","authored for ArogyaKhata v0.1; not extracted from a published register","[{""type"":""authored"",""ref"":""ArogyaKhata v0.1 seed list, unreviewed""}]","hospital laboratory test menu","unreviewed","CC-BY-4.0"
"NCL-0185","Pregnancy test","गर्भ परीक्षण","colloquial","[""गर्भ परीक्षण"",""युपिटी""]","[""upt"",""pregnancy test""]","[""UPT""]","[""UPT""]","investigation","","","","false","","","","authored for ArogyaKhata v0.1; not extracted from a published register","[{""type"":""authored"",""ref"":""ArogyaKhata v0.1 seed list, unreviewed""}]","hospital laboratory test menu","unreviewed","CC-BY-4.0"
"NCL-0186","COVID antigen","कोभिड एन्टिजेन","colloquial","[""कोभिड एन्टिजेन""]","[""covid antigen""]","[""RDT antigen""]","[""covid antigen""]","investigation","","","","false","","","","authored for ArogyaKhata v0.1; not extracted from a published register","[{""type"":""authored"",""ref"":""ArogyaKhata v0.1 seed list, unreviewed""}]","hospital laboratory test menu","unreviewed","CC-BY-4.0"
"NCL-0187","Sputum AFB","खकार एएफबी","colloquial","[""खकार एएफबी""]","[""sputum afb""]","[""AFB""]","[""AFB test""]","investigation","","","","false","","","","authored for ArogyaKhata v0.1; not extracted from a published register","[{""type"":""authored"",""ref"":""ArogyaKhata v0.1 seed list, unreviewed""}]","hospital laboratory test menu","unreviewed","CC-BY-4.0"
"NCL-0188","ESR","ईएसआर","colloquial","[""ईएसआर""]","[""esr""]","[""ESR""]","[""ESR""]","investigation","","","","false","","","","authored for ArogyaKhata v0.1; not extracted from a published register","[{""type"":""authored"",""ref"":""ArogyaKhata v0.1 seed list, unreviewed""}]","hospital laboratory test menu","unreviewed","CC-BY-4.0"
"NCL-0189","CRP","सीआरपी","colloquial","[""सीआरपी""]","[""crp""]","[""CRP""]","[""CRP""]","investigation","","","","false","","","","authored for ArogyaKhata v0.1; not extracted from a published register","[{""type"":""authored"",""ref"":""ArogyaKhata v0.1 seed list, unreviewed""}]","hospital laboratory test menu","unreviewed","CC-BY-4.0"
"NCL-0190","Platelet count","प्लेटलेट संख्या","colloquial","[""प्लेटलेट संख्या""]","[""platelet""]","[""Platelet"",""PLT""]","[""platelet count""]","investigation","","","","false","","","","authored for ArogyaKhata v0.1; not extracted from a published register","[{""type"":""authored"",""ref"":""ArogyaKhata v0.1 seed list, unreviewed""}]","hospital laboratory test menu","unreviewed","CC-BY-4.0"
"NCL-0191","Oxygen saturation","अक्सिजन स्याचुरेसन","colloquial","[""अक्सिजन स्याचुरेसन""]","[""spo2"",""oxygen saturation""]","[""SpO2""]","[""SpO2""]","investigation","","","","false","","","","authored for ArogyaKhata v0.1; not extracted from a published register","[{""type"":""authored"",""ref"":""ArogyaKhata v0.1 seed list, unreviewed""}]","hospital laboratory test menu","unreviewed","CC-BY-4.0"
"NCL-0192","Head","टाउको","colloquial","[""टाउको""]","[""tauko""]","[]","[""tauko ma pain"",""tauko dukhyo""]","body_site","","","","false","","","","authored for ArogyaKhata v0.1; not extracted from a published register","[{""type"":""authored"",""ref"":""ArogyaKhata v0.1 seed list, unreviewed""}]","clinician review — Nepali clinical usage","unreviewed","CC-BY-4.0"
"NCL-0193","Eye","आँखा","colloquial","[""आँखा""]","[""ankha"",""aankha""]","[]","[""ankha ma pain"",""ankha dukhyo""]","body_site","","","","false","","","","authored for ArogyaKhata v0.1; not extracted from a published register","[{""type"":""authored"",""ref"":""ArogyaKhata v0.1 seed list, unreviewed""}]","clinician review — Nepali clinical usage","unreviewed","CC-BY-4.0"
"NCL-0194","Ear","कान","colloquial","[""कान""]","[""kaan"",""kan""]","[]","[""kaan ma pain"",""kaan dukhyo""]","body_site","","","","false","","","","authored for ArogyaKhata v0.1; not extracted from a published register","[{""type"":""authored"",""ref"":""ArogyaKhata v0.1 seed list, unreviewed""}]","clinician review — Nepali clinical usage","unreviewed","CC-BY-4.0"
"NCL-0195","Nose","नाक","colloquial","[""नाक""]","[""naak"",""nak""]","[]","[""naak ma pain"",""naak dukhyo""]","body_site","","","","false","","","","authored for ArogyaKhata v0.1; not extracted from a published register","[{""type"":""authored"",""ref"":""ArogyaKhata v0.1 seed list, unreviewed""}]","clinician review — Nepali clinical usage","unreviewed","CC-BY-4.0"
"NCL-0196","Throat","घाँटी","colloquial","[""घाँटी""]","[""ghati"",""ghanti""]","[]","[""ghati ma pain"",""ghati dukhyo""]","body_site","","","","false","","","","authored for ArogyaKhata v0.1; not extracted from a published register","[{""type"":""authored"",""ref"":""ArogyaKhata v0.1 seed list, unreviewed""}]","clinician review — Nepali clinical usage","unreviewed","CC-BY-4.0"
"NCL-0197","Chest","छाती","colloquial","[""छाती""]","[""chhati"",""chati""]","[]","[""chhati ma pain"",""chhati dukhyo""]","body_site","","","","false","","","","authored for ArogyaKhata v0.1; not extracted from a published register","[{""type"":""authored"",""ref"":""ArogyaKhata v0.1 seed list, unreviewed""}]","clinician review — Nepali clinical usage","unreviewed","CC-BY-4.0"
"NCL-0198","Heart","मुटु","colloquial","[""मुटु""]","[""mutu""]","[]","[""mutu ma pain"",""mutu dukhyo""]","body_site","","","","false","","","","authored for ArogyaKhata v0.1; not extracted from a published register","[{""type"":""authored"",""ref"":""ArogyaKhata v0.1 seed list, unreviewed""}]","clinician review — Nepali clinical usage","unreviewed","CC-BY-4.0"
"NCL-0199","Lung","फोक्सो","colloquial","[""फोक्सो""]","[""phokso"",""fokso""]","[]","[""phokso ma pain"",""phokso dukhyo""]","body_site","","","","false","","","","authored for ArogyaKhata v0.1; not extracted from a published register","[{""type"":""authored"",""ref"":""ArogyaKhata v0.1 seed list, unreviewed""}]","clinician review — Nepali clinical usage","unreviewed","CC-BY-4.0"
"NCL-0200","Abdomen","पेट","colloquial","[""पेट""]","[""pet""]","[]","[""pet ma pain"",""pet dukhyo""]","body_site","","","","false","","","","authored for ArogyaKhata v0.1; not extracted from a published register","[{""type"":""authored"",""ref"":""ArogyaKhata v0.1 seed list, unreviewed""}]","clinician review — Nepali clinical usage","unreviewed","CC-BY-4.0"
"NCL-0201","Liver","कलेजो","colloquial","[""कलेजो""]","[""kalejo""]","[]","[""kalejo ma pain"",""kalejo dukhyo""]","body_site","","","","false","","","","authored for ArogyaKhata v0.1; not extracted from a published register","[{""type"":""authored"",""ref"":""ArogyaKhata v0.1 seed list, unreviewed""}]","clinician review — Nepali clinical usage","unreviewed","CC-BY-4.0"
"NCL-0202","Kidney","मिर्गौला","colloquial","[""मिर्गौला""]","[""mirgaula"",""mrigaula""]","[]","[""mirgaula ma pain"",""mirgaula dukhyo""]","body_site","","","","false","","","","authored for ArogyaKhata v0.1; not extracted from a published register","[{""type"":""authored"",""ref"":""ArogyaKhata v0.1 seed list, unreviewed""}]","clinician review — Nepali clinical usage","unreviewed","CC-BY-4.0"
"NCL-0203","Gallbladder","पित्तथैली","colloquial","[""पित्तथैली""]","[""pittathaili""]","[]","[""pittathaili ma pain"",""pittathaili dukhyo""]","body_site","","","","false","","","","authored for ArogyaKhata v0.1; not extracted from a published register","[{""type"":""authored"",""ref"":""ArogyaKhata v0.1 seed list, unreviewed""}]","clinician review — Nepali clinical usage","unreviewed","CC-BY-4.0"
"NCL-0204","Intestine","आन्द्रा","colloquial","[""आन्द्रा""]","[""aandra"",""andra""]","[]","[""aandra ma pain"",""aandra dukhyo""]","body_site","","","","false","","","","authored for ArogyaKhata v0.1; not extracted from a published register","[{""type"":""authored"",""ref"":""ArogyaKhata v0.1 seed list, unreviewed""}]","clinician review — Nepali clinical usage","unreviewed","CC-BY-4.0"
"NCL-0205","Back","ढाड","colloquial","[""ढाड""]","[""dhad""]","[]","[""dhad ma pain"",""dhad dukhyo""]","body_site","","","","false","","","","authored for ArogyaKhata v0.1; not extracted from a published register","[{""type"":""authored"",""ref"":""ArogyaKhata v0.1 seed list, unreviewed""}]","clinician review — Nepali clinical usage","unreviewed","CC-BY-4.0"
"NCL-0206","Lower back","कमर","colloquial","[""कमर""]","[""kamar""]","[]","[""kamar ma pain"",""kamar dukhyo""]","body_site","","","","false","","","","authored for ArogyaKhata v0.1; not extracted from a published register","[{""type"":""authored"",""ref"":""ArogyaKhata v0.1 seed list, unreviewed""}]","clinician review — Nepali clinical usage","unreviewed","CC-BY-4.0"
"NCL-0207","Arm","हात","colloquial","[""हात""]","[""haat"",""hat""]","[]","[""haat ma pain"",""haat dukhyo""]","body_site","","","","false","","","","authored for ArogyaKhata v0.1; not extracted from a published register","[{""type"":""authored"",""ref"":""ArogyaKhata v0.1 seed list, unreviewed""}]","clinician review — Nepali clinical usage","unreviewed","CC-BY-4.0"
"NCL-0208","Leg","खुट्टा","colloquial","[""खुट्टा""]","[""khutta""]","[]","[""khutta ma pain"",""khutta dukhyo""]","body_site","","","","false","","","","authored for ArogyaKhata v0.1; not extracted from a published register","[{""type"":""authored"",""ref"":""ArogyaKhata v0.1 seed list, unreviewed""}]","clinician review — Nepali clinical usage","unreviewed","CC-BY-4.0"
"NCL-0209","Knee","घुँडा","colloquial","[""घुँडा""]","[""ghunda"",""ghuda""]","[]","[""ghunda ma pain"",""ghunda dukhyo""]","body_site","","","","false","","","","authored for ArogyaKhata v0.1; not extracted from a published register","[{""type"":""authored"",""ref"":""ArogyaKhata v0.1 seed list, unreviewed""}]","clinician review — Nepali clinical usage","unreviewed","CC-BY-4.0"
"NCL-0210","Skin","छाला","colloquial","[""छाला""]","[""chhala"",""chala""]","[]","[""chhala ma pain"",""chhala dukhyo""]","body_site","","","","false","","","","authored for ArogyaKhata v0.1; not extracted from a published register","[{""type"":""authored"",""ref"":""ArogyaKhata v0.1 seed list, unreviewed""}]","clinician review — Nepali clinical usage","unreviewed","CC-BY-4.0"
"NCL-0211","Blood","रगत","colloquial","[""रगत""]","[""ragat""]","[]","[""ragat ma pain"",""ragat dukhyo""]","body_site","","","","false","","","","authored for ArogyaKhata v0.1; not extracted from a published register","[{""type"":""authored"",""ref"":""ArogyaKhata v0.1 seed list, unreviewed""}]","clinician review — Nepali clinical usage","unreviewed","CC-BY-4.0"
"NCL-0212","Urinary tract","पिसाब नली","colloquial","[""पिसाब नली""]","[""pisab nali""]","[]","[""pisab nali ma pain"",""pisab nali dukhyo""]","body_site","","","","false","","","","authored for ArogyaKhata v0.1; not extracted from a published register","[{""type"":""authored"",""ref"":""ArogyaKhata v0.1 seed list, unreviewed""}]","clinician review — Nepali clinical usage","unreviewed","CC-BY-4.0"
"NCL-0213","Uterus","पाठेघर","colloquial","[""पाठेघर""]","[""patheghar"",""pathe ghar""]","[]","[""patheghar ma pain"",""patheghar dukhyo""]","body_site","","","","false","","","","authored for ArogyaKhata v0.1; not extracted from a published register","[{""type"":""authored"",""ref"":""ArogyaKhata v0.1 seed list, unreviewed""}]","clinician review — Nepali clinical usage","unreviewed","CC-BY-4.0"
"NCL-0214","Breast","स्तन","colloquial","[""स्तन""]","[""stan""]","[]","[""stan ma pain"",""stan dukhyo""]","body_site","","","","false","","","","authored for ArogyaKhata v0.1; not extracted from a published register","[{""type"":""authored"",""ref"":""ArogyaKhata v0.1 seed list, unreviewed""}]","clinician review — Nepali clinical usage","unreviewed","CC-BY-4.0"
"NCL-0215","Mouth","मुख","colloquial","[""मुख""]","[""mukh""]","[]","[""mukh ma pain"",""mukh dukhyo""]","body_site","","","","false","","","","authored for ArogyaKhata v0.1; not extracted from a published register","[{""type"":""authored"",""ref"":""ArogyaKhata v0.1 seed list, unreviewed""}]","clinician review — Nepali clinical usage","unreviewed","CC-BY-4.0"
"NCL-0216","Tooth","दाँत","colloquial","[""दाँत""]","[""daat"",""dant""]","[]","[""daat ma pain"",""daat dukhyo""]","body_site","","","","false","","","","authored for ArogyaKhata v0.1; not extracted from a published register","[{""type"":""authored"",""ref"":""ArogyaKhata v0.1 seed list, unreviewed""}]","clinician review — Nepali clinical usage","unreviewed","CC-BY-4.0"
"NCL-0217","Day","दिन","colloquial","[""दिन""]","[""din""]","[]","[""din"",""day""]","duration","","","","false","1","","","authored for ArogyaKhata v0.1; not extracted from a published register","[{""type"":""authored"",""ref"":""ArogyaKhata v0.1 seed list, unreviewed""}]","clinician review — Nepali clinical usage","unreviewed","CC-BY-4.0"
"NCL-0218","Week","हप्ता","colloquial","[""हप्ता""]","[""hapta""]","[]","[""hapta"",""week""]","duration","","","","false","7","","","authored for ArogyaKhata v0.1; not extracted from a published register","[{""type"":""authored"",""ref"":""ArogyaKhata v0.1 seed list, unreviewed""}]","clinician review — Nepali clinical usage","unreviewed","CC-BY-4.0"
"NCL-0219","Month","महिना","colloquial","[""महिना""]","[""mahina""]","[]","[""mahina"",""month""]","duration","","","","false","30","","","authored for ArogyaKhata v0.1; not extracted from a published register","[{""type"":""authored"",""ref"":""ArogyaKhata v0.1 seed list, unreviewed""}]","clinician review — Nepali clinical usage","unreviewed","CC-BY-4.0"
"NCL-0220","Year","वर्ष","colloquial","[""वर्ष""]","[""barsa"",""varsa""]","[]","[""barsa"",""year""]","duration","","","","false","365","","","authored for ArogyaKhata v0.1; not extracted from a published register","[{""type"":""authored"",""ref"":""ArogyaKhata v0.1 seed list, unreviewed""}]","clinician review — Nepali clinical usage","unreviewed","CC-BY-4.0"
"NCL-0221","Times (frequency)","पटक","colloquial","[""पटक""]","[""patak""]","[]","[""patak"",""times (frequency)""]","duration","","","","false","","","","authored for ArogyaKhata v0.1; not extracted from a published register","[{""type"":""authored"",""ref"":""ArogyaKhata v0.1 seed list, unreviewed""}]","clinician review — Nepali clinical usage","unreviewed","CC-BY-4.0"
"NCL-0222","Since","देखि","colloquial","[""देखि""]","[""dekhi""]","[]","[""dekhi"",""since""]","duration","","","","false","","","","authored for ArogyaKhata v0.1; not extracted from a published register","[{""type"":""authored"",""ref"":""ArogyaKhata v0.1 seed list, unreviewed""}]","clinician review — Nepali clinical usage","unreviewed","CC-BY-4.0"
"NCL-0223","Until","सम्म","colloquial","[""सम्म""]","[""samma""]","[]","[""samma"",""until""]","duration","","","","false","","","","authored for ArogyaKhata v0.1; not extracted from a published register","[{""type"":""authored"",""ref"":""ArogyaKhata v0.1 seed list, unreviewed""}]","clinician review — Nepali clinical usage","unreviewed","CC-BY-4.0"
"NCL-0224","Morning","बिहान","colloquial","[""बिहान""]","[""bihana"",""bihan""]","[]","[""bihana"",""morning""]","duration","","","","false","","","","authored for ArogyaKhata v0.1; not extracted from a published register","[{""type"":""authored"",""ref"":""ArogyaKhata v0.1 seed list, unreviewed""}]","clinician review — Nepali clinical usage","unreviewed","CC-BY-4.0"
"NCL-0225","Afternoon","दिउँसो","colloquial","[""दिउँसो""]","[""diuso""]","[]","[""diuso"",""afternoon""]","duration","","","","false","","","","authored for ArogyaKhata v0.1; not extracted from a published register","[{""type"":""authored"",""ref"":""ArogyaKhata v0.1 seed list, unreviewed""}]","clinician review — Nepali clinical usage","unreviewed","CC-BY-4.0"
"NCL-0226","Evening","बेलुका","colloquial","[""बेलुका""]","[""beluka""]","[]","[""beluka"",""evening""]","duration","","","","false","","","","authored for ArogyaKhata v0.1; not extracted from a published register","[{""type"":""authored"",""ref"":""ArogyaKhata v0.1 seed list, unreviewed""}]","clinician review — Nepali clinical usage","unreviewed","CC-BY-4.0"
"NCL-0227","Night","राति","colloquial","[""राति""]","[""raati"",""rati""]","[]","[""raati"",""night""]","duration","","","","false","","","","authored for ArogyaKhata v0.1; not extracted from a published register","[{""type"":""authored"",""ref"":""ArogyaKhata v0.1 seed list, unreviewed""}]","clinician review — Nepali clinical usage","unreviewed","CC-BY-4.0"
"NCL-0228","Twice daily","दिनको दुई पटक","colloquial","[""दिनको दुई पटक""]","[""dinko dui patak""]","[]","[""dinko dui patak"",""twice daily""]","duration","","","","false","","2","","authored for ArogyaKhata v0.1; not extracted from a published register","[{""type"":""authored"",""ref"":""ArogyaKhata v0.1 seed list, unreviewed""}]","clinician review — Nepali clinical usage","unreviewed","CC-BY-4.0"
"NCL-0229","Three times daily","दिनको तीन पटक","colloquial","[""दिनको तीन पटक""]","[""dinko tin patak""]","[]","[""dinko tin patak"",""three times daily""]","duration","","","","false","","3","","authored for ArogyaKhata v0.1; not extracted from a published register","[{""type"":""authored"",""ref"":""ArogyaKhata v0.1 seed list, unreviewed""}]","clinician review — Nepali clinical usage","unreviewed","CC-BY-4.0"
"NCL-0230","Before food","खाना अघि","colloquial","[""खाना अघि""]","[""khana aghi""]","[]","[""khana aghi"",""before food""]","duration","","","","false","","","","authored for ArogyaKhata v0.1; not extracted from a published register","[{""type"":""authored"",""ref"":""ArogyaKhata v0.1 seed list, unreviewed""}]","clinician review — Nepali clinical usage","unreviewed","CC-BY-4.0"
"NCL-0231","After food","खाना पछि","colloquial","[""खाना पछि""]","[""khana pachi""]","[]","[""khana pachi"",""after food""]","duration","","","","false","","","","authored for ArogyaKhata v0.1; not extracted from a published register","[{""type"":""authored"",""ref"":""ArogyaKhata v0.1 seed list, unreviewed""}]","clinician review — Nepali clinical usage","unreviewed","CC-BY-4.0"
"NCL-0232","Daily","हरेक दिन","colloquial","[""हरेक दिन""]","[""harek din""]","[]","[""harek din"",""daily""]","duration","","","","false","","1","","authored for ArogyaKhata v0.1; not extracted from a published register","[{""type"":""authored"",""ref"":""ArogyaKhata v0.1 seed list, unreviewed""}]","clinician review — Nepali clinical usage","unreviewed","CC-BY-4.0"
"NCL-0233","Once","एक पटक","colloquial","[""एक पटक""]","[""ek patak""]","[]","[""ek patak"",""once""]","duration","","","","false","","1","","authored for ArogyaKhata v0.1; not extracted from a published register","[{""type"":""authored"",""ref"":""ArogyaKhata v0.1 seed list, unreviewed""}]","clinician review — Nepali clinical usage","unreviewed","CC-BY-4.0"
"NCL-0234","Twice","दुई पटक","colloquial","[""दुई पटक""]","[""dui patak""]","[]","[""dui patak"",""twice""]","duration","","","","false","","2","","authored for ArogyaKhata v0.1; not extracted from a published register","[{""type"":""authored"",""ref"":""ArogyaKhata v0.1 seed list, unreviewed""}]","clinician review — Nepali clinical usage","unreviewed","CC-BY-4.0"
"NCL-0235","Thrice","तीन पटक","colloquial","[""तीन पटक""]","[""tin patak""]","[]","[""tin patak"",""thrice""]","duration","","","","false","","3","","authored for ArogyaKhata v0.1; not extracted from a published register","[{""type"":""authored"",""ref"":""ArogyaKhata v0.1 seed list, unreviewed""}]","clinician review — Nepali clinical usage","unreviewed","CC-BY-4.0"
"NCL-0236","Seven days","सात दिन","colloquial","[""सात दिन""]","[""saat din""]","[]","[""saat din"",""seven days""]","duration","","","","false","7","","","authored for ArogyaKhata v0.1; not extracted from a published register","[{""type"":""authored"",""ref"":""ArogyaKhata v0.1 seed list, unreviewed""}]","clinician review — Nepali clinical usage","unreviewed","CC-BY-4.0"
"NCL-0237","Severe","धेरै","colloquial","[""धेरै""]","[""dherai""]","[]","[""dherai cha"",""severe""]","severity","","","","false","","","","authored for ArogyaKhata v0.1; not extracted from a published register","[{""type"":""authored"",""ref"":""ArogyaKhata v0.1 seed list, unreviewed""}]","clinician review — Nepali clinical usage","unreviewed","CC-BY-4.0"
"NCL-0238","Moderate","मध्यम","colloquial","[""मध्यम""]","[""madhyam""]","[]","[""madhyam cha"",""moderate""]","severity","","","","false","","","","authored for ArogyaKhata v0.1; not extracted from a published register","[{""type"":""authored"",""ref"":""ArogyaKhata v0.1 seed list, unreviewed""}]","clinician review — Nepali clinical usage","unreviewed","CC-BY-4.0"
"NCL-0239","Mild","हल्का","colloquial","[""हल्का""]","[""halka""]","[]","[""halka cha"",""mild""]","severity","","","","false","","","","authored for ArogyaKhata v0.1; not extracted from a published register","[{""type"":""authored"",""ref"":""ArogyaKhata v0.1 seed list, unreviewed""}]","clinician review — Nepali clinical usage","unreviewed","CC-BY-4.0"
"NCL-0240","Slight","अलिकति","colloquial","[""अलिकति""]","[""alikati""]","[]","[""alikati cha"",""slight""]","severity","","","","false","","","","authored for ArogyaKhata v0.1; not extracted from a published register","[{""type"":""authored"",""ref"":""ArogyaKhata v0.1 seed list, unreviewed""}]","clinician review — Nepali clinical usage","unreviewed","CC-BY-4.0"
"NCL-0241","Worsening","बढ्दै","colloquial","[""बढ्दै""]","[""badhdai""]","[]","[""badhdai cha"",""worsening""]","severity","","","","false","","","","authored for ArogyaKhata v0.1; not extracted from a published register","[{""type"":""authored"",""ref"":""ArogyaKhata v0.1 seed list, unreviewed""}]","clinician review — Nepali clinical usage","unreviewed","CC-BY-4.0"
"NCL-0242","Improving","कम हुँदै","colloquial","[""कम हुँदै""]","[""kam hudai""]","[]","[""kam hudai cha"",""improving""]","severity","","","","false","","","","authored for ArogyaKhata v0.1; not extracted from a published register","[{""type"":""authored"",""ref"":""ArogyaKhata v0.1 seed list, unreviewed""}]","clinician review — Nepali clinical usage","unreviewed","CC-BY-4.0"
"NCL-0243","Sudden","अचानक","colloquial","[""अचानक""]","[""achanak""]","[]","[""achanak cha"",""sudden""]","severity","","","","false","","","","authored for ArogyaKhata v0.1; not extracted from a published register","[{""type"":""authored"",""ref"":""ArogyaKhata v0.1 seed list, unreviewed""}]","clinician review — Nepali clinical usage","unreviewed","CC-BY-4.0"
"NCL-0244","Continuous","लगातार","colloquial","[""लगातार""]","[""lagatar""]","[]","[""lagatar cha"",""continuous""]","severity","","","","false","","","","authored for ArogyaKhata v0.1; not extracted from a published register","[{""type"":""authored"",""ref"":""ArogyaKhata v0.1 seed list, unreviewed""}]","clinician review — Nepali clinical usage","unreviewed","CC-BY-4.0"
"NCL-0245","Intermittent","कहिलेकाहीँ","colloquial","[""कहिलेकाहीँ""]","[""kahilekahi""]","[]","[""kahilekahi cha"",""intermittent""]","severity","","","","false","","","","authored for ArogyaKhata v0.1; not extracted from a published register","[{""type"":""authored"",""ref"":""ArogyaKhata v0.1 seed list, unreviewed""}]","clinician review — Nepali clinical usage","unreviewed","CC-BY-4.0"
"NCL-0246","Normal","सामान्य","colloquial","[""सामान्य""]","[""samanya""]","[]","[""samanya cha"",""normal""]","severity","","","","false","","","","authored for ArogyaKhata v0.1; not extracted from a published register","[{""type"":""authored"",""ref"":""ArogyaKhata v0.1 seed list, unreviewed""}]","clinician review — Nepali clinical usage","unreviewed","CC-BY-4.0"
"NCL-0247","Abnormal","असामान्य","colloquial","[""असामान्य""]","[""asamanya""]","[]","[""asamanya cha"",""abnormal""]","severity","","","","false","","","","authored for ArogyaKhata v0.1; not extracted from a published register","[{""type"":""authored"",""ref"":""ArogyaKhata v0.1 seed list, unreviewed""}]","clinician review — Nepali clinical usage","unreviewed","CC-BY-4.0"
"NCL-0248","High","उच्च","colloquial","[""उच्च""]","[""uchcha""]","[]","[""uchcha cha"",""high""]","severity","","","","false","","","","authored for ArogyaKhata v0.1; not extracted from a published register","[{""type"":""authored"",""ref"":""ArogyaKhata v0.1 seed list, unreviewed""}]","clinician review — Nepali clinical usage","unreviewed","CC-BY-4.0"
"NCL-0249","Low","कम","colloquial","[""कम""]","[""kam""]","[]","[""kam cha"",""low""]","severity","","","","false","","","","authored for ArogyaKhata v0.1; not extracted from a published register","[{""type"":""authored"",""ref"":""ArogyaKhata v0.1 seed list, unreviewed""}]","clinician review — Nepali clinical usage","unreviewed","CC-BY-4.0"
"NCL-0250","Chronic","पुरानो","colloquial","[""पुरानो""]","[""purano""]","[]","[""purano cha"",""chronic""]","severity","","","","false","","","","authored for ArogyaKhata v0.1; not extracted from a published register","[{""type"":""authored"",""ref"":""ArogyaKhata v0.1 seed list, unreviewed""}]","clinician review — Nepali clinical usage","unreviewed","CC-BY-4.0"
"NCL-0251","Acute","नयाँ","colloquial","[""नयाँ""]","[""nayaa"",""naya""]","[]","[""nayaa cha"",""acute""]","severity","","","","false","","","","authored for ArogyaKhata v0.1; not extracted from a published register","[{""type"":""authored"",""ref"":""ArogyaKhata v0.1 seed list, unreviewed""}]","clinician review — Nepali clinical usage","unreviewed","CC-BY-4.0"
"NCL-0252","No/not present","छैन","colloquial","[""छैन"",""छैनन्""]","[""chaina"",""chhaina""]","[]","[""fever chaina""]","negation","","","","false","","","post","authored for ArogyaKhata v0.1; not extracted from a published register","[{""type"":""authored"",""ref"":""ArogyaKhata v0.1 seed list, unreviewed""}]","clinician review — Nepali clinical usage","unreviewed","CC-BY-4.0"
"NCL-0253","Did not happen","भएन","colloquial","[""भएन""]","[""bhayena""]","[]","[""vomiting bhayena""]","negation","","","","false","","","post","authored for ArogyaKhata v0.1; not extracted from a published register","[{""type"":""authored"",""ref"":""ArogyaKhata v0.1 seed list, unreviewed""}]","clinician review — Nepali clinical usage","unreviewed","CC-BY-4.0"
"NCL-0254","Not found","भेटिएन","colloquial","[""भेटिएन""]","[""bhetiyena""]","[]","[""not found""]","negation","","","","false","","","post","authored for ArogyaKhata v0.1; not extracted from a published register","[{""type"":""authored"",""ref"":""ArogyaKhata v0.1 seed list, unreviewed""}]","clinician review — Nepali clinical usage","unreviewed","CC-BY-4.0"
"NCL-0255","Not seen","देखिएन","colloquial","[""देखिएन""]","[""dekhiyena""]","[]","[""not seen""]","negation","","","","false","","","post","authored for ArogyaKhata v0.1; not extracted from a published register","[{""type"":""authored"",""ref"":""ArogyaKhata v0.1 seed list, unreviewed""}]","clinician review — Nepali clinical usage","unreviewed","CC-BY-4.0"
"NCL-0256","Not having","नभएको","colloquial","[""नभएको""]","[""nabhayeko""]","[]","[""fever nabhayeko""]","negation","","","","false","","","post","authored for ArogyaKhata v0.1; not extracted from a published register","[{""type"":""authored"",""ref"":""ArogyaKhata v0.1 seed list, unreviewed""}]","clinician review — Nepali clinical usage","unreviewed","CC-BY-4.0"
"NCL-0257","Does not","हुँदैन","colloquial","[""हुँदैन""]","[""hudaina""]","[]","[""pain hudaina""]","negation","","","","false","","","post","authored for ArogyaKhata v0.1; not extracted from a published register","[{""type"":""authored"",""ref"":""ArogyaKhata v0.1 seed list, unreviewed""}]","clinician review — Nepali clinical usage","unreviewed","CC-BY-4.0"
"NCL-0258","Without","बिना","colloquial","[""बिना""]","[""bina""]","[]","[""without fever""]","negation","","","","false","","","pre","authored for ArogyaKhata v0.1; not extracted from a published register","[{""type"":""authored"",""ref"":""ArogyaKhata v0.1 seed list, unreviewed""}]","clinician review — Nepali clinical usage","unreviewed","CC-BY-4.0"
"NCL-0259","Negative","नेगेटिभ","colloquial","[""नेगेटिभ""]","[""negative""]","[""Negative"",""NEG""]","[""test negative""]","negation","","","","false","","","post","authored for ArogyaKhata v0.1; not extracted from a published register","[{""type"":""authored"",""ref"":""ArogyaKhata v0.1 seed list, unreviewed""}]","clinician review — Nepali clinical usage","unreviewed","CC-BY-4.0"
"NCL-0260","Denied","अस्वीकार","colloquial","[""अस्वीकार""]","[""aswikar""]","[]","[""denies fever""]","negation","","","","false","","","post","authored for ArogyaKhata v0.1; not extracted from a published register","[{""type"":""authored"",""ref"":""ArogyaKhata v0.1 seed list, unreviewed""}]","clinician review — Nepali clinical usage","unreviewed","CC-BY-4.0"
"NCL-0261","No history","इतिहास छैन","colloquial","[""इतिहास छैन""]","[""history chaina""]","[]","[""no history""]","negation","","","","false","","","post","authored for ArogyaKhata v0.1; not extracted from a published register","[{""type"":""authored"",""ref"":""ArogyaKhata v0.1 seed list, unreviewed""}]","clinician review — Nepali clinical usage","unreviewed","CC-BY-4.0"
